Workbook
Name ExternalData_1: Charges!$A$1:$F$2
Name ExternalData_1: Details!$A$1:$H$2
Name ExternalData_1: Invoices!$B$1:$AJ$2
Name ExternalData_1: LookupData!$A$1:$AI$2
Name ExternalData_1: 'More fields'!$A$1:$BC$2

Sheet Query
A1: Invoice database - live query
A2: Type a filter (or leave everything empty for all invoices): the sheets Invoices and Charges are filled from the database. They also refresh by themselves every 1 minute(s); Data > Refresh All does it at once.
A4: Filter | B4: Value | H4: sent to the database
A5: Invoice number contains | C5: part of the number, e.g. AMD | H5: ="%"&TRIM(B5)&"%" -> %%
A6: Vendor name contains | C6: part of the name, e.g. dachser | H6: ="%"&TRIM(B6)&"%" -> %%
A7: Invoice date from | C7: a date; empty = no lower limit | H7: =IF(ISNUMBER(B7),YEAR(B7)&"-"&RIGHT("0"&MONTH(B7),2)&"-"&RIGHT("0"&DAY(B7),2),"1900-01-01") -> 1900-01-01
A8: Invoice date to | C8: a date; empty = no upper limit | H8: =IF(ISNUMBER(B8),YEAR(B8)&"-"&RIGHT("0"&MONTH(B8),2)&"-"&RIGHT("0"&DAY(B8),2),"2999-12-31") -> 2999-12-31
A9: Review status | B9: All | C9: All, PENDING, IN_REVIEW, APPROVED, REJECTED, REPROCESSED | H9: =IF(OR(TRIM(B9)="",UPPER(TRIM(B9))="ALL"),"%",UPPER(TRIM(B9))) -> %
A11: Invoices returned | B11: =MAX(0,COUNTA(Invoices!B:B)-1) -> 0
A12: Charge lines returned | B12: =MAX(0,COUNTA(Charges!A:A)-1) -> 0
A13: Charges before GST (INR) | B13: =SUM(Charges!E:E) -> 0
A15: First use: the data source NEON_INVOICE_PG must exist on this computer (see docs/EXCEL_LIVE_QUERY.md). Excel asks for the database password unless it is saved in the data source.
A16: Details for particular invoices: type the invoice numbers in column A of the sheet Lookup; the other columns fill in by themselves, and the sheet Details lists their other details (due date, PO number, parties, ports, totals, bank ...). The sheet More fields has those details as columns for every invoice that matches the filters.

Sheet Lookup
A1: =IF(LEN($AN$1)>5760,"TOO MANY NUMBERS: the last ones are not looked up","Invoice No (type here)") -> Invoice No (type here) | B1: Invoice Date | C1: Container Number | D1: MAWB No | E1: HAWB No | F1: Vendor Name | G1: Bill of Lading / HBL | H1: WEIGHT | I1: Sea Freight | J1: Air Freight | K1: Terminal Handling Charges | L1: Airway WayBill Charges | M1: BL Charges | N1: ENS Charges | O1: Seal Charges | P1: VGM | Q1: EDI Fees | R1: DAP Charges | S1: Other Charges | T1: AMS CHARGES | U1: Handlign Charges | V1: Pre Carriage Haulage | W1: Ex Rate | X1: Misc | Y1: Transportation | Z1: Warehouse charges Port | AA1: Examination charges | AB1: Fuel Charges | AC1: Cargo Screening | AD1: Agency Charges | AE1: Shipping bill charges | AF1: Review status | AG1: Extraction status | AH1: Last updated | AI1: Evidence | AN1: ="~none~|"&AM201 -> ~none~| | AO1: =IF(MID($AN$1,1,240)="","|",MID($AN$1,1,240)) -> ~none~|
B2: =IF($AK2="","",IF($AK2=0,"not in the database",IF(INDEX(LookupData!B:B,$AK2)="","",INDEX(LookupData!B:B,$AK2)))) | C2: =IF($AK2="","",IF($AK2=0,"",IF(INDEX(LookupData!C:C,$AK2)="","",INDEX(LookupData!C:C,$AK2)))) | D2: =IF($AK2="","",IF($AK2=0,"",IF(INDEX(LookupData!D:D,$AK2)="","",INDEX(LookupData!D:D,$AK2)))) | E2: =IF($AK2="","",IF($AK2=0,"",IF(INDEX(LookupData!E:E,$AK2)="","",INDEX(LookupData!E:E,$AK2)))) | F2: =IF($AK2="","",IF($AK2=0,"",IF(INDEX(LookupData!F:F,$AK2)="","",INDEX(LookupData!F:F,$AK2)))) | G2: =IF($AK2="","",IF($AK2=0,"",IF(INDEX(LookupData!G:G,$AK2)="","",INDEX(LookupData!G:G,$AK2)))) | H2: =IF($AK2="","",IF($AK2=0,"",IF(INDEX(LookupData!H:H,$AK2)="","",INDEX(LookupData!H:H,$AK2)))) | I2: =IF($AK2="","",IF($AK2=0,"",IF(INDEX(LookupData!I:I,$AK2)="","",INDEX(LookupData!I:I,$AK2)))) | J2: =IF($AK2="","",IF($AK2=0,"",IF(INDEX(LookupData!J:J,$AK2)="","",INDEX(LookupData!J:J,$AK2)))) | K2: =IF($AK2="","",IF($AK2=0,"",IF(INDEX(LookupData!K:K,$AK2)="","",INDEX(LookupData!K:K,$AK2)))) | L2: =IF($AK2="","",IF($AK2=0,"",IF(INDEX(LookupData!L:L,$AK2)="","",INDEX(LookupData!L:L,$AK2)))) | M2: =IF($AK2="","",IF($AK2=0,"",IF(INDEX(LookupData!M:M,$AK2)="","",INDEX(LookupData!M:M,$AK2)))) | N2: =IF($AK2="","",IF($AK2=0,"",IF(INDEX(LookupData!N:N,$AK2)="","",INDEX(LookupData!N:N,$AK2)))) | O2: =IF($AK2="","",IF($AK2=0,"",IF(INDEX(LookupData!O:O,$AK2)="","",INDEX(LookupData!O:O,$AK2)))) | P2: =IF($AK2="","",IF($AK2=0,"",IF(INDEX(LookupData!P:P,$AK2)="","",INDEX(LookupData!P:P,$AK2)))) | Q2: =IF($AK2="","",IF($AK2=0,"",IF(INDEX(LookupData!Q:Q,$AK2)="","",INDEX(LookupData!Q:Q,$AK2)))) | R2: =IF($AK2="","",IF($AK2=0,"",IF(INDEX(LookupData!R:R,$AK2)="","",INDEX(LookupData!R:R,$AK2)))) | S2: =IF($AK2="","",IF($AK2=0,"",IF(INDEX(LookupData!S:S,$AK2)="","",INDEX(LookupData!S:S,$AK2)))) | T2: =IF($AK2="","",IF($AK2=0,"",IF(INDEX(LookupData!T:T,$AK2)="","",INDEX(LookupData!T:T,$AK2)))) | U2: =IF($AK2="","",IF($AK2=0,"",IF(INDEX(LookupData!U:U,$AK2)="","",INDEX(LookupData!U:U,$AK2)))) | V2: =IF($AK2="","",IF($AK2=0,"",IF(INDEX(LookupData!V:V,$AK2)="","",INDEX(LookupData!V:V,$AK2)))) | W2: =IF($AK2="","",IF($AK2=0,"",IF(INDEX(LookupData!W:W,$AK2)="","",INDEX(LookupData!W:W,$AK2)))) | X2: =IF($AK2="","",IF($AK2=0,"",IF(INDEX(LookupData!X:X,$AK2)="","",INDEX(LookupData!X:X,$AK2)))) | Y2: =IF($AK2="","",IF($AK2=0,"",IF(INDEX(LookupData!Y:Y,$AK2)="","",INDEX(LookupData!Y:Y,$AK2)))) | Z2: =IF($AK2="","",IF($AK2=0,"",IF(INDEX(LookupData!Z:Z,$AK2)="","",INDEX(LookupData!Z:Z,$AK2)))) | AA2: =IF($AK2="","",IF($AK2=0,"",IF(INDEX(LookupData!AA:AA,$AK2)="","",INDEX(LookupData!AA:AA,$AK2)))) | AB2: =IF($AK2="","",IF($AK2=0,"",IF(INDEX(LookupData!AB:AB,$AK2)="","",INDEX(LookupData!AB:AB,$AK2)))) | AC2: =IF($AK2="","",IF($AK2=0,"",IF(INDEX(LookupData!AC:AC,$AK2)="","",INDEX(LookupData!AC:AC,$AK2)))) | AD2: =IF($AK2="","",IF($AK2=0,"",IF(INDEX(LookupData!AD:AD,$AK2)="","",INDEX(LookupData!AD:AD,$AK2)))) | AE2: =IF($AK2="","",IF($AK2=0,"",IF(INDEX(LookupData!AE:AE,$AK2)="","",INDEX(LookupData!AE:AE,$AK2)))) | AF2: =IF($AK2="","",IF($AK2=0,"",IF(INDEX(LookupData!AF:AF,$AK2)="","",INDEX(LookupData!AF:AF,$AK2)))) | AG2: =IF($AK2="","",IF($AK2=0,"",IF(INDEX(LookupData!AG:AG,$AK2)="","",INDEX(LookupData!AG:AG,$AK2)))) | AH2: =IF($AK2="","",IF($AK2=0,"",IF(INDEX(LookupData!AH:AH,$AK2)="","",INDEX(LookupData!AH:AH,$AK2)))) | AI2: =IF($AK2="","",IF($AK2=0,"",IF(INDEX(LookupData!AI:AI,$AK2)="","",HYPERLINK(INDEX(LookupData!AI:AI,$AK2),"Open")))) | AK2: =IF(AL2="","",IFERROR(MATCH(AL2,LookupData!$A:$A,0),0)) | AL2: =IF(TRIM($A2)="","",UPPER(TRIM($A2))) | AM2: =AL2 | AO2: =IF(MID($AN$1,241,240)="","|",MID($AN$1,241,240)) -> |
B3: =IF($AK3="","",IF($AK3=0,"not in the database",IF(INDEX(LookupData!B:B,$AK3)="","",INDEX(LookupData!B:B,$AK3)))) | C3: =IF($AK3="","",IF($AK3=0,"",IF(INDEX(LookupData!C:C,$AK3)="","",INDEX(LookupData!C:C,$AK3)))) | D3: =IF($AK3="","",IF($AK3=0,"",IF(INDEX(LookupData!D:D,$AK3)="","",INDEX(LookupData!D:D,$AK3)))) | E3: =IF($AK3="","",IF($AK3=0,"",IF(INDEX(LookupData!E:E,$AK3)="","",INDEX(LookupData!E:E,$AK3)))) | F3: =IF($AK3="","",IF($AK3=0,"",IF(INDEX(LookupData!F:F,$AK3)="","",INDEX(LookupData!F:F,$AK3)))) | G3: =IF($AK3="","",IF($AK3=0,"",IF(INDEX(LookupData!G:G,$AK3)="","",INDEX(LookupData!G:G,$AK3)))) | H3: =IF($AK3="","",IF($AK3=0,"",IF(INDEX(LookupData!H:H,$AK3)="","",INDEX(LookupData!H:H,$AK3)))) | I3: =IF($AK3="","",IF($AK3=0,"",IF(INDEX(LookupData!I:I,$AK3)="","",INDEX(LookupData!I:I,$AK3)))) | J3: =IF($AK3="","",IF($AK3=0,"",IF(INDEX(LookupData!J:J,$AK3)="","",INDEX(LookupData!J:J,$AK3)))) | K3: =IF($AK3="","",IF($AK3=0,"",IF(INDEX(LookupData!K:K,$AK3)="","",INDEX(LookupData!K:K,$AK3)))) | L3: =IF($AK3="","",IF($AK3=0,"",IF(INDEX(LookupData!L:L,$AK3)="","",INDEX(LookupData!L:L,$AK3)))) | M3: =IF($AK3="","",IF($AK3=0,"",IF(INDEX(LookupData!M:M,$AK3)="","",INDEX(LookupData!M:M,$AK3)))) | N3: =IF($AK3="","",IF($AK3=0,"",IF(INDEX(LookupData!N:N,$AK3)="","",INDEX(LookupData!N:N,$AK3)))) | O3: =IF($AK3="","",IF($AK3=0,"",IF(INDEX(LookupData!O:O,$AK3)="","",INDEX(LookupData!O:O,$AK3)))) | P3: =IF($AK3="","",IF($AK3=0,"",IF(INDEX(LookupData!P:P,$AK3)="","",INDEX(LookupData!P:P,$AK3)))) | Q3: =IF($AK3="","",IF($AK3=0,"",IF(INDEX(LookupData!Q:Q,$AK3)="","",INDEX(LookupData!Q:Q,$AK3)))) | R3: =IF($AK3="","",IF($AK3=0,"",IF(INDEX(LookupData!R:R,$AK3)="","",INDEX(LookupData!R:R,$AK3)))) | S3: =IF($AK3="","",IF($AK3=0,"",IF(INDEX(LookupData!S:S,$AK3)="","",INDEX(LookupData!S:S,$AK3)))) | T3: =IF($AK3="","",IF($AK3=0,"",IF(INDEX(LookupData!T:T,$AK3)="","",INDEX(LookupData!T:T,$AK3)))) | U3: =IF($AK3="","",IF($AK3=0,"",IF(INDEX(LookupData!U:U,$AK3)="","",INDEX(LookupData!U:U,$AK3)))) | V3: =IF($AK3="","",IF($AK3=0,"",IF(INDEX(LookupData!V:V,$AK3)="","",INDEX(LookupData!V:V,$AK3)))) | W3: =IF($AK3="","",IF($AK3=0,"",IF(INDEX(LookupData!W:W,$AK3)="","",INDEX(LookupData!W:W,$AK3)))) | X3: =IF($AK3="","",IF($AK3=0,"",IF(INDEX(LookupData!X:X,$AK3)="","",INDEX(LookupData!X:X,$AK3)))) | Y3: =IF($AK3="","",IF($AK3=0,"",IF(INDEX(LookupData!Y:Y,$AK3)="","",INDEX(LookupData!Y:Y,$AK3)))) | Z3: =IF($AK3="","",IF($AK3=0,"",IF(INDEX(LookupData!Z:Z,$AK3)="","",INDEX(LookupData!Z:Z,$AK3)))) | AA3: =IF($AK3="","",IF($AK3=0,"",IF(INDEX(LookupData!AA:AA,$AK3)="","",INDEX(LookupData!AA:AA,$AK3)))) | AB3: =IF($AK3="","",IF($AK3=0,"",IF(INDEX(LookupData!AB:AB,$AK3)="","",INDEX(LookupData!AB:AB,$AK3)))) | AC3: =IF($AK3="","",IF($AK3=0,"",IF(INDEX(LookupData!AC:AC,$AK3)="","",INDEX(LookupData!AC:AC,$AK3)))) | AD3: =IF($AK3="","",IF($AK3=0,"",IF(INDEX(LookupData!AD:AD,$AK3)="","",INDEX(LookupData!AD:AD,$AK3)))) | AE3: =IF($AK3="","",IF($AK3=0,"",IF(INDEX(LookupData!AE:AE,$AK3)="","",INDEX(LookupData!AE:AE,$AK3)))) | AF3: =IF($AK3="","",IF($AK3=0,"",IF(INDEX(LookupData!AF:AF,$AK3)="","",INDEX(LookupData!AF:AF,$AK3)))) | AG3: =IF($AK3="","",IF($AK3=0,"",IF(INDEX(LookupData!AG:AG,$AK3)="","",INDEX(LookupData!AG:AG,$AK3)))) | AH3: =IF($AK3="","",IF($AK3=0,"",IF(INDEX(LookupData!AH:AH,$AK3)="","",INDEX(LookupData!AH:AH,$AK3)))) | AI3: =IF($AK3="","",IF($AK3=0,"",IF(INDEX(LookupData!AI:AI,$AK3)="","",HYPERLINK(INDEX(LookupData!AI:AI,$AK3),"Open")))) | AK3: =IF(AL3="","",IFERROR(MATCH(AL3,LookupData!$A:$A,0),0)) | AL3: =IF(TRIM($A3)="","",UPPER(TRIM($A3))) | AM3: =IF(AL3="",AM2,IF(AM2="",AL3,AM2&"|"&AL3)) | AO3: =IF(MID($AN$1,481,240)="","|",MID($AN$1,481,240)) -> |
B4: =IF($AK4="","",IF($AK4=0,"not in the database",IF(INDEX(LookupData!B:B,$AK4)="","",INDEX(LookupData!B:B,$AK4)))) | C4: =IF($AK4="","",IF($AK4=0,"",IF(INDEX(LookupData!C:C,$AK4)="","",INDEX(LookupData!C:C,$AK4)))) | D4: =IF($AK4="","",IF($AK4=0,"",IF(INDEX(LookupData!D:D,$AK4)="","",INDEX(LookupData!D:D,$AK4)))) | E4: =IF($AK4="","",IF($AK4=0,"",IF(INDEX(LookupData!E:E,$AK4)="","",INDEX(LookupData!E:E,$AK4)))) | F4: =IF($AK4="","",IF($AK4=0,"",IF(INDEX(LookupData!F:F,$AK4)="","",INDEX(LookupData!F:F,$AK4)))) | G4: =IF($AK4="","",IF($AK4=0,"",IF(INDEX(LookupData!G:G,$AK4)="","",INDEX(LookupData!G:G,$AK4)))) | H4: =IF($AK4="","",IF($AK4=0,"",IF(INDEX(LookupData!H:H,$AK4)="","",INDEX(LookupData!H:H,$AK4)))) | I4: =IF($AK4="","",IF($AK4=0,"",IF(INDEX(LookupData!I:I,$AK4)="","",INDEX(LookupData!I:I,$AK4)))) | J4: =IF($AK4="","",IF($AK4=0,"",IF(INDEX(LookupData!J:J,$AK4)="","",INDEX(LookupData!J:J,$AK4)))) | K4: =IF($AK4="","",IF($AK4=0,"",IF(INDEX(LookupData!K:K,$AK4)="","",INDEX(LookupData!K:K,$AK4)))) | L4: =IF($AK4="","",IF($AK4=0,"",IF(INDEX(LookupData!L:L,$AK4)="","",INDEX(LookupData!L:L,$AK4)))) | M4: =IF($AK4="","",IF($AK4=0,"",IF(INDEX(LookupData!M:M,$AK4)="","",INDEX(LookupData!M:M,$AK4)))) | N4: =IF($AK4="","",IF($AK4=0,"",IF(INDEX(LookupData!N:N,$AK4)="","",INDEX(LookupData!N:N,$AK4)))) | O4: =IF($AK4="","",IF($AK4=0,"",IF(INDEX(LookupData!O:O,$AK4)="","",INDEX(LookupData!O:O,$AK4)))) | P4: =IF($AK4="","",IF($AK4=0,"",IF(INDEX(LookupData!P:P,$AK4)="","",INDEX(LookupData!P:P,$AK4)))) | Q4: =IF($AK4="","",IF($AK4=0,"",IF(INDEX(LookupData!Q:Q,$AK4)="","",INDEX(LookupData!Q:Q,$AK4)))) | R4: =IF($AK4="","",IF($AK4=0,"",IF(INDEX(LookupData!R:R,$AK4)="","",INDEX(LookupData!R:R,$AK4)))) | S4: =IF($AK4="","",IF($AK4=0,"",IF(INDEX(LookupData!S:S,$AK4)="","",INDEX(LookupData!S:S,$AK4)))) | T4: =IF($AK4="","",IF($AK4=0,"",IF(INDEX(LookupData!T:T,$AK4)="","",INDEX(LookupData!T:T,$AK4)))) | U4: =IF($AK4="","",IF($AK4=0,"",IF(INDEX(LookupData!U:U,$AK4)="","",INDEX(LookupData!U:U,$AK4)))) | V4: =IF($AK4="","",IF($AK4=0,"",IF(INDEX(LookupData!V:V,$AK4)="","",INDEX(LookupData!V:V,$AK4)))) | W4: =IF($AK4="","",IF($AK4=0,"",IF(INDEX(LookupData!W:W,$AK4)="","",INDEX(LookupData!W:W,$AK4)))) | X4: =IF($AK4="","",IF($AK4=0,"",IF(INDEX(LookupData!X:X,$AK4)="","",INDEX(LookupData!X:X,$AK4)))) | Y4: =IF($AK4="","",IF($AK4=0,"",IF(INDEX(LookupData!Y:Y,$AK4)="","",INDEX(LookupData!Y:Y,$AK4)))) | Z4: =IF($AK4="","",IF($AK4=0,"",IF(INDEX(LookupData!Z:Z,$AK4)="","",INDEX(LookupData!Z:Z,$AK4)))) | AA4: =IF($AK4="","",IF($AK4=0,"",IF(INDEX(LookupData!AA:AA,$AK4)="","",INDEX(LookupData!AA:AA,$AK4)))) | AB4: =IF($AK4="","",IF($AK4=0,"",IF(INDEX(LookupData!AB:AB,$AK4)="","",INDEX(LookupData!AB:AB,$AK4)))) | AC4: =IF($AK4="","",IF($AK4=0,"",IF(INDEX(LookupData!AC:AC,$AK4)="","",INDEX(LookupData!AC:AC,$AK4)))) | AD4: =IF($AK4="","",IF($AK4=0,"",IF(INDEX(LookupData!AD:AD,$AK4)="","",INDEX(LookupData!AD:AD,$AK4)))) | AE4: =IF($AK4="","",IF($AK4=0,"",IF(INDEX(LookupData!AE:AE,$AK4)="","",INDEX(LookupData!AE:AE,$AK4)))) | AF4: =IF($AK4="","",IF($AK4=0,"",IF(INDEX(LookupData!AF:AF,$AK4)="","",INDEX(LookupData!AF:AF,$AK4)))) | AG4: =IF($AK4="","",IF($AK4=0,"",IF(INDEX(LookupData!AG:AG,$AK4)="","",INDEX(LookupData!AG:AG,$AK4)))) | AH4: =IF($AK4="","",IF($AK4=0,"",IF(INDEX(LookupData!AH:AH,$AK4)="","",INDEX(LookupData!AH:AH,$AK4)))) | AI4: =IF($AK4="","",IF($AK4=0,"",IF(INDEX(LookupData!AI:AI,$AK4)="","",HYPERLINK(INDEX(LookupData!AI:AI,$AK4),"Open")))) | AK4: =IF(AL4="","",IFERROR(MATCH(AL4,LookupData!$A:$A,0),0)) | AL4: =IF(TRIM($A4)="","",UPPER(TRIM($A4))) | AM4: =IF(AL4="",AM3,IF(AM3="",AL4,AM3&"|"&AL4)) | AO4: =IF(MID($AN$1,721,240)="","|",MID($AN$1,721,240)) -> |
B5: =IF($AK5="","",IF($AK5=0,"not in the database",IF(INDEX(LookupData!B:B,$AK5)="","",INDEX(LookupData!B:B,$AK5)))) | C5: =IF($AK5="","",IF($AK5=0,"",IF(INDEX(LookupData!C:C,$AK5)="","",INDEX(LookupData!C:C,$AK5)))) | D5: =IF($AK5="","",IF($AK5=0,"",IF(INDEX(LookupData!D:D,$AK5)="","",INDEX(LookupData!D:D,$AK5)))) | E5: =IF($AK5="","",IF($AK5=0,"",IF(INDEX(LookupData!E:E,$AK5)="","",INDEX(LookupData!E:E,$AK5)))) | F5: =IF($AK5="","",IF($AK5=0,"",IF(INDEX(LookupData!F:F,$AK5)="","",INDEX(LookupData!F:F,$AK5)))) | G5: =IF($AK5="","",IF($AK5=0,"",IF(INDEX(LookupData!G:G,$AK5)="","",INDEX(LookupData!G:G,$AK5)))) | H5: =IF($AK5="","",IF($AK5=0,"",IF(INDEX(LookupData!H:H,$AK5)="","",INDEX(LookupData!H:H,$AK5)))) | I5: =IF($AK5="","",IF($AK5=0,"",IF(INDEX(LookupData!I:I,$AK5)="","",INDEX(LookupData!I:I,$AK5)))) | J5: =IF($AK5="","",IF($AK5=0,"",IF(INDEX(LookupData!J:J,$AK5)="","",INDEX(LookupData!J:J,$AK5)))) | K5: =IF($AK5="","",IF($AK5=0,"",IF(INDEX(LookupData!K:K,$AK5)="","",INDEX(LookupData!K:K,$AK5)))) | L5: =IF($AK5="","",IF($AK5=0,"",IF(INDEX(LookupData!L:L,$AK5)="","",INDEX(LookupData!L:L,$AK5)))) | M5: =IF($AK5="","",IF($AK5=0,"",IF(INDEX(LookupData!M:M,$AK5)="","",INDEX(LookupData!M:M,$AK5)))) | N5: =IF($AK5="","",IF($AK5=0,"",IF(INDEX(LookupData!N:N,$AK5)="","",INDEX(LookupData!N:N,$AK5)))) | O5: =IF($AK5="","",IF($AK5=0,"",IF(INDEX(LookupData!O:O,$AK5)="","",INDEX(LookupData!O:O,$AK5)))) | P5: =IF($AK5="","",IF($AK5=0,"",IF(INDEX(LookupData!P:P,$AK5)="","",INDEX(LookupData!P:P,$AK5)))) | Q5: =IF($AK5="","",IF($AK5=0,"",IF(INDEX(LookupData!Q:Q,$AK5)="","",INDEX(LookupData!Q:Q,$AK5)))) | R5: =IF($AK5="","",IF($AK5=0,"",IF(INDEX(LookupData!R:R,$AK5)="","",INDEX(LookupData!R:R,$AK5)))) | S5: =IF($AK5="","",IF($AK5=0,"",IF(INDEX(LookupData!S:S,$AK5)="","",INDEX(LookupData!S:S,$AK5)))) | T5: =IF($AK5="","",IF($AK5=0,"",IF(INDEX(LookupData!T:T,$AK5)="","",INDEX(LookupData!T:T,$AK5)))) | U5: =IF($AK5="","",IF($AK5=0,"",IF(INDEX(LookupData!U:U,$AK5)="","",INDEX(LookupData!U:U,$AK5)))) | V5: =IF($AK5="","",IF($AK5=0,"",IF(INDEX(LookupData!V:V,$AK5)="","",INDEX(LookupData!V:V,$AK5)))) | W5: =IF($AK5="","",IF($AK5=0,"",IF(INDEX(LookupData!W:W,$AK5)="","",INDEX(LookupData!W:W,$AK5)))) | X5: =IF($AK5="","",IF($AK5=0,"",IF(INDEX(LookupData!X:X,$AK5)="","",INDEX(LookupData!X:X,$AK5)))) | Y5: =IF($AK5="","",IF($AK5=0,"",IF(INDEX(LookupData!Y:Y,$AK5)="","",INDEX(LookupData!Y:Y,$AK5)))) | Z5: =IF($AK5="","",IF($AK5=0,"",IF(INDEX(LookupData!Z:Z,$AK5)="","",INDEX(LookupData!Z:Z,$AK5)))) | AA5: =IF($AK5="","",IF($AK5=0,"",IF(INDEX(LookupData!AA:AA,$AK5)="","",INDEX(LookupData!AA:AA,$AK5)))) | AB5: =IF($AK5="","",IF($AK5=0,"",IF(INDEX(LookupData!AB:AB,$AK5)="","",INDEX(LookupData!AB:AB,$AK5)))) | AC5: =IF($AK5="","",IF($AK5=0,"",IF(INDEX(LookupData!AC:AC,$AK5)="","",INDEX(LookupData!AC:AC,$AK5)))) | AD5: =IF($AK5="","",IF($AK5=0,"",IF(INDEX(LookupData!AD:AD,$AK5)="","",INDEX(LookupData!AD:AD,$AK5)))) | AE5: =IF($AK5="","",IF($AK5=0,"",IF(INDEX(LookupData!AE:AE,$AK5)="","",INDEX(LookupData!AE:AE,$AK5)))) | AF5: =IF($AK5="","",IF($AK5=0,"",IF(INDEX(LookupData!AF:AF,$AK5)="","",INDEX(LookupData!AF:AF,$AK5)))) | AG5: =IF($AK5="","",IF($AK5=0,"",IF(INDEX(LookupData!AG:AG,$AK5)="","",INDEX(LookupData!AG:AG,$AK5)))) | AH5: =IF($AK5="","",IF($AK5=0,"",IF(INDEX(LookupData!AH:AH,$AK5)="","",INDEX(LookupData!AH:AH,$AK5)))) | AI5: =IF($AK5="","",IF($AK5=0,"",IF(INDEX(LookupData!AI:AI,$AK5)="","",HYPERLINK(INDEX(LookupData!AI:AI,$AK5),"Open")))) | AK5: =IF(AL5="","",IFERROR(MATCH(AL5,LookupData!$A:$A,0),0)) | AL5: =IF(TRIM($A5)="","",UPPER(TRIM($A5))) | AM5: =IF(AL5="",AM4,IF(AM4="",AL5,AM4&"|"&AL5)) | AO5: =IF(MID($AN$1,961,240)="","|",MID($AN$1,961,240)) -> |
B6: =IF($AK6="","",IF($AK6=0,"not in the database",IF(INDEX(LookupData!B:B,$AK6)="","",INDEX(LookupData!B:B,$AK6)))) | C6: =IF($AK6="","",IF($AK6=0,"",IF(INDEX(LookupData!C:C,$AK6)="","",INDEX(LookupData!C:C,$AK6)))) | D6: =IF($AK6="","",IF($AK6=0,"",IF(INDEX(LookupData!D:D,$AK6)="","",INDEX(LookupData!D:D,$AK6)))) | E6: =IF($AK6="","",IF($AK6=0,"",IF(INDEX(LookupData!E:E,$AK6)="","",INDEX(LookupData!E:E,$AK6)))) | F6: =IF($AK6="","",IF($AK6=0,"",IF(INDEX(LookupData!F:F,$AK6)="","",INDEX(LookupData!F:F,$AK6)))) | G6: =IF($AK6="","",IF($AK6=0,"",IF(INDEX(LookupData!G:G,$AK6)="","",INDEX(LookupData!G:G,$AK6)))) | H6: =IF($AK6="","",IF($AK6=0,"",IF(INDEX(LookupData!H:H,$AK6)="","",INDEX(LookupData!H:H,$AK6)))) | I6: =IF($AK6="","",IF($AK6=0,"",IF(INDEX(LookupData!I:I,$AK6)="","",INDEX(LookupData!I:I,$AK6)))) | J6: =IF($AK6="","",IF($AK6=0,"",IF(INDEX(LookupData!J:J,$AK6)="","",INDEX(LookupData!J:J,$AK6)))) | K6: =IF($AK6="","",IF($AK6=0,"",IF(INDEX(LookupData!K:K,$AK6)="","",INDEX(LookupData!K:K,$AK6)))) | L6: =IF($AK6="","",IF($AK6=0,"",IF(INDEX(LookupData!L:L,$AK6)="","",INDEX(LookupData!L:L,$AK6)))) | M6: =IF($AK6="","",IF($AK6=0,"",IF(INDEX(LookupData!M:M,$AK6)="","",INDEX(LookupData!M:M,$AK6)))) | N6: =IF($AK6="","",IF($AK6=0,"",IF(INDEX(LookupData!N:N,$AK6)="","",INDEX(LookupData!N:N,$AK6)))) | O6: =IF($AK6="","",IF($AK6=0,"",IF(INDEX(LookupData!O:O,$AK6)="","",INDEX(LookupData!O:O,$AK6)))) | P6: =IF($AK6="","",IF($AK6=0,"",IF(INDEX(LookupData!P:P,$AK6)="","",INDEX(LookupData!P:P,$AK6)))) | Q6: =IF($AK6="","",IF($AK6=0,"",IF(INDEX(LookupData!Q:Q,$AK6)="","",INDEX(LookupData!Q:Q,$AK6)))) | R6: =IF($AK6="","",IF($AK6=0,"",IF(INDEX(LookupData!R:R,$AK6)="","",INDEX(LookupData!R:R,$AK6)))) | S6: =IF($AK6="","",IF($AK6=0,"",IF(INDEX(LookupData!S:S,$AK6)="","",INDEX(LookupData!S:S,$AK6)))) | T6: =IF($AK6="","",IF($AK6=0,"",IF(INDEX(LookupData!T:T,$AK6)="","",INDEX(LookupData!T:T,$AK6)))) | U6: =IF($AK6="","",IF($AK6=0,"",IF(INDEX(LookupData!U:U,$AK6)="","",INDEX(LookupData!U:U,$AK6)))) | V6: =IF($AK6="","",IF($AK6=0,"",IF(INDEX(LookupData!V:V,$AK6)="","",INDEX(LookupData!V:V,$AK6)))) | W6: =IF($AK6="","",IF($AK6=0,"",IF(INDEX(LookupData!W:W,$AK6)="","",INDEX(LookupData!W:W,$AK6)))) | X6: =IF($AK6="","",IF($AK6=0,"",IF(INDEX(LookupData!X:X,$AK6)="","",INDEX(LookupData!X:X,$AK6)))) | Y6: =IF($AK6="","",IF($AK6=0,"",IF(INDEX(LookupData!Y:Y,$AK6)="","",INDEX(LookupData!Y:Y,$AK6)))) | Z6: =IF($AK6="","",IF($AK6=0,"",IF(INDEX(LookupData!Z:Z,$AK6)="","",INDEX(LookupData!Z:Z,$AK6)))) | AA6: =IF($AK6="","",IF($AK6=0,"",IF(INDEX(LookupData!AA:AA,$AK6)="","",INDEX(LookupData!AA:AA,$AK6)))) | AB6: =IF($AK6="","",IF($AK6=0,"",IF(INDEX(LookupData!AB:AB,$AK6)="","",INDEX(LookupData!AB:AB,$AK6)))) | AC6: =IF($AK6="","",IF($AK6=0,"",IF(INDEX(LookupData!AC:AC,$AK6)="","",INDEX(LookupData!AC:AC,$AK6)))) | AD6: =IF($AK6="","",IF($AK6=0,"",IF(INDEX(LookupData!AD:AD,$AK6)="","",INDEX(LookupData!AD:AD,$AK6)))) | AE6: =IF($AK6="","",IF($AK6=0,"",IF(INDEX(LookupData!AE:AE,$AK6)="","",INDEX(LookupData!AE:AE,$AK6)))) | AF6: =IF($AK6="","",IF($AK6=0,"",IF(INDEX(LookupData!AF:AF,$AK6)="","",INDEX(LookupData!AF:AF,$AK6)))) | AG6: =IF($AK6="","",IF($AK6=0,"",IF(INDEX(LookupData!AG:AG,$AK6)="","",INDEX(LookupData!AG:AG,$AK6)))) | AH6: =IF($AK6="","",IF($AK6=0,"",IF(INDEX(LookupData!AH:AH,$AK6)="","",INDEX(LookupData!AH:AH,$AK6)))) | AI6: =IF($AK6="","",IF($AK6=0,"",IF(INDEX(LookupData!AI:AI,$AK6)="","",HYPERLINK(INDEX(LookupData!AI:AI,$AK6),"Open")))) | AK6: =IF(AL6="","",IFERROR(MATCH(AL6,LookupData!$A:$A,0),0)) | AL6: =IF(TRIM($A6)="","",UPPER(TRIM($A6))) | AM6: =IF(AL6="",AM5,IF(AM5="",AL6,AM5&"|"&AL6)) | AO6: =IF(MID($AN$1,1201,240)="","|",MID($AN$1,1201,240)) -> |
B7: =IF($AK7="","",IF($AK7=0,"not in the database",IF(INDEX(LookupData!B:B,$AK7)="","",INDEX(LookupData!B:B,$AK7)))) | C7: =IF($AK7="","",IF($AK7=0,"",IF(INDEX(LookupData!C:C,$AK7)="","",INDEX(LookupData!C:C,$AK7)))) | D7: =IF($AK7="","",IF($AK7=0,"",IF(INDEX(LookupData!D:D,$AK7)="","",INDEX(LookupData!D:D,$AK7)))) | E7: =IF($AK7="","",IF($AK7=0,"",IF(INDEX(LookupData!E:E,$AK7)="","",INDEX(LookupData!E:E,$AK7)))) | F7: =IF($AK7="","",IF($AK7=0,"",IF(INDEX(LookupData!F:F,$AK7)="","",INDEX(LookupData!F:F,$AK7)))) | G7: =IF($AK7="","",IF($AK7=0,"",IF(INDEX(LookupData!G:G,$AK7)="","",INDEX(LookupData!G:G,$AK7)))) | H7: =IF($AK7="","",IF($AK7=0,"",IF(INDEX(LookupData!H:H,$AK7)="","",INDEX(LookupData!H:H,$AK7)))) | I7: =IF($AK7="","",IF($AK7=0,"",IF(INDEX(LookupData!I:I,$AK7)="","",INDEX(LookupData!I:I,$AK7)))) | J7: =IF($AK7="","",IF($AK7=0,"",IF(INDEX(LookupData!J:J,$AK7)="","",INDEX(LookupData!J:J,$AK7)))) | K7: =IF($AK7="","",IF($AK7=0,"",IF(INDEX(LookupData!K:K,$AK7)="","",INDEX(LookupData!K:K,$AK7)))) | L7: =IF($AK7="","",IF($AK7=0,"",IF(INDEX(LookupData!L:L,$AK7)="","",INDEX(LookupData!L:L,$AK7)))) | M7: =IF($AK7="","",IF($AK7=0,"",IF(INDEX(LookupData!M:M,$AK7)="","",INDEX(LookupData!M:M,$AK7)))) | N7: =IF($AK7="","",IF($AK7=0,"",IF(INDEX(LookupData!N:N,$AK7)="","",INDEX(LookupData!N:N,$AK7)))) | O7: =IF($AK7="","",IF($AK7=0,"",IF(INDEX(LookupData!O:O,$AK7)="","",INDEX(LookupData!O:O,$AK7)))) | P7: =IF($AK7="","",IF($AK7=0,"",IF(INDEX(LookupData!P:P,$AK7)="","",INDEX(LookupData!P:P,$AK7)))) | Q7: =IF($AK7="","",IF($AK7=0,"",IF(INDEX(LookupData!Q:Q,$AK7)="","",INDEX(LookupData!Q:Q,$AK7)))) | R7: =IF($AK7="","",IF($AK7=0,"",IF(INDEX(LookupData!R:R,$AK7)="","",INDEX(LookupData!R:R,$AK7)))) | S7: =IF($AK7="","",IF($AK7=0,"",IF(INDEX(LookupData!S:S,$AK7)="","",INDEX(LookupData!S:S,$AK7)))) | T7: =IF($AK7="","",IF($AK7=0,"",IF(INDEX(LookupData!T:T,$AK7)="","",INDEX(LookupData!T:T,$AK7)))) | U7: =IF($AK7="","",IF($AK7=0,"",IF(INDEX(LookupData!U:U,$AK7)="","",INDEX(LookupData!U:U,$AK7)))) | V7: =IF($AK7="","",IF($AK7=0,"",IF(INDEX(LookupData!V:V,$AK7)="","",INDEX(LookupData!V:V,$AK7)))) | W7: =IF($AK7="","",IF($AK7=0,"",IF(INDEX(LookupData!W:W,$AK7)="","",INDEX(LookupData!W:W,$AK7)))) | X7: =IF($AK7="","",IF($AK7=0,"",IF(INDEX(LookupData!X:X,$AK7)="","",INDEX(LookupData!X:X,$AK7)))) | Y7: =IF($AK7="","",IF($AK7=0,"",IF(INDEX(LookupData!Y:Y,$AK7)="","",INDEX(LookupData!Y:Y,$AK7)))) | Z7: =IF($AK7="","",IF($AK7=0,"",IF(INDEX(LookupData!Z:Z,$AK7)="","",INDEX(LookupData!Z:Z,$AK7)))) | AA7: =IF($AK7="","",IF($AK7=0,"",IF(INDEX(LookupData!AA:AA,$AK7)="","",INDEX(LookupData!AA:AA,$AK7)))) | AB7: =IF($AK7="","",IF($AK7=0,"",IF(INDEX(LookupData!AB:AB,$AK7)="","",INDEX(LookupData!AB:AB,$AK7)))) | AC7: =IF($AK7="","",IF($AK7=0,"",IF(INDEX(LookupData!AC:AC,$AK7)="","",INDEX(LookupData!AC:AC,$AK7)))) | AD7: =IF($AK7="","",IF($AK7=0,"",IF(INDEX(LookupData!AD:AD,$AK7)="","",INDEX(LookupData!AD:AD,$AK7)))) | AE7: =IF($AK7="","",IF($AK7=0,"",IF(INDEX(LookupData!AE:AE,$AK7)="","",INDEX(LookupData!AE:AE,$AK7)))) | AF7: =IF($AK7="","",IF($AK7=0,"",IF(INDEX(LookupData!AF:AF,$AK7)="","",INDEX(LookupData!AF:AF,$AK7)))) | AG7: =IF($AK7="","",IF($AK7=0,"",IF(INDEX(LookupData!AG:AG,$AK7)="","",INDEX(LookupData!AG:AG,$AK7)))) | AH7: =IF($AK7="","",IF($AK7=0,"",IF(INDEX(LookupData!AH:AH,$AK7)="","",INDEX(LookupData!AH:AH,$AK7)))) | AI7: =IF($AK7="","",IF($AK7=0,"",IF(INDEX(LookupData!AI:AI,$AK7)="","",HYPERLINK(INDEX(LookupData!AI:AI,$AK7),"Open")))) | AK7: =IF(AL7="","",IFERROR(MATCH(AL7,LookupData!$A:$A,0),0)) | AL7: =IF(TRIM($A7)="","",UPPER(TRIM($A7))) | AM7: =IF(AL7="",AM6,IF(AM6="",AL7,AM6&"|"&AL7)) | AO7: =IF(MID($AN$1,1441,240)="","|",MID($AN$1,1441,240)) -> |
B8: =IF($AK8="","",IF($AK8=0,"not in the database",IF(INDEX(LookupData!B:B,$AK8)="","",INDEX(LookupData!B:B,$AK8)))) | C8: =IF($AK8="","",IF($AK8=0,"",IF(INDEX(LookupData!C:C,$AK8)="","",INDEX(LookupData!C:C,$AK8)))) | D8: =IF($AK8="","",IF($AK8=0,"",IF(INDEX(LookupData!D:D,$AK8)="","",INDEX(LookupData!D:D,$AK8)))) | E8: =IF($AK8="","",IF($AK8=0,"",IF(INDEX(LookupData!E:E,$AK8)="","",INDEX(LookupData!E:E,$AK8)))) | F8: =IF($AK8="","",IF($AK8=0,"",IF(INDEX(LookupData!F:F,$AK8)="","",INDEX(LookupData!F:F,$AK8)))) | G8: =IF($AK8="","",IF($AK8=0,"",IF(INDEX(LookupData!G:G,$AK8)="","",INDEX(LookupData!G:G,$AK8)))) | H8: =IF($AK8="","",IF($AK8=0,"",IF(INDEX(LookupData!H:H,$AK8)="","",INDEX(LookupData!H:H,$AK8)))) | I8: =IF($AK8="","",IF($AK8=0,"",IF(INDEX(LookupData!I:I,$AK8)="","",INDEX(LookupData!I:I,$AK8)))) | J8: =IF($AK8="","",IF($AK8=0,"",IF(INDEX(LookupData!J:J,$AK8)="","",INDEX(LookupData!J:J,$AK8)))) | K8: =IF($AK8="","",IF($AK8=0,"",IF(INDEX(LookupData!K:K,$AK8)="","",INDEX(LookupData!K:K,$AK8)))) | L8: =IF($AK8="","",IF($AK8=0,"",IF(INDEX(LookupData!L:L,$AK8)="","",INDEX(LookupData!L:L,$AK8)))) | M8: =IF($AK8="","",IF($AK8=0,"",IF(INDEX(LookupData!M:M,$AK8)="","",INDEX(LookupData!M:M,$AK8)))) | N8: =IF($AK8="","",IF($AK8=0,"",IF(INDEX(LookupData!N:N,$AK8)="","",INDEX(LookupData!N:N,$AK8)))) | O8: =IF($AK8="","",IF($AK8=0,"",IF(INDEX(LookupData!O:O,$AK8)="","",INDEX(LookupData!O:O,$AK8)))) | P8: =IF($AK8="","",IF($AK8=0,"",IF(INDEX(LookupData!P:P,$AK8)="","",INDEX(LookupData!P:P,$AK8)))) | Q8: =IF($AK8="","",IF($AK8=0,"",IF(INDEX(LookupData!Q:Q,$AK8)="","",INDEX(LookupData!Q:Q,$AK8)))) | R8: =IF($AK8="","",IF($AK8=0,"",IF(INDEX(LookupData!R:R,$AK8)="","",INDEX(LookupData!R:R,$AK8)))) | S8: =IF($AK8="","",IF($AK8=0,"",IF(INDEX(LookupData!S:S,$AK8)="","",INDEX(LookupData!S:S,$AK8)))) | T8: =IF($AK8="","",IF($AK8=0,"",IF(INDEX(LookupData!T:T,$AK8)="","",INDEX(LookupData!T:T,$AK8)))) | U8: =IF($AK8="","",IF($AK8=0,"",IF(INDEX(LookupData!U:U,$AK8)="","",INDEX(LookupData!U:U,$AK8)))) | V8: =IF($AK8="","",IF($AK8=0,"",IF(INDEX(LookupData!V:V,$AK8)="","",INDEX(LookupData!V:V,$AK8)))) | W8: =IF($AK8="","",IF($AK8=0,"",IF(INDEX(LookupData!W:W,$AK8)="","",INDEX(LookupData!W:W,$AK8)))) | X8: =IF($AK8="","",IF($AK8=0,"",IF(INDEX(LookupData!X:X,$AK8)="","",INDEX(LookupData!X:X,$AK8)))) | Y8: =IF($AK8="","",IF($AK8=0,"",IF(INDEX(LookupData!Y:Y,$AK8)="","",INDEX(LookupData!Y:Y,$AK8)))) | Z8: =IF($AK8="","",IF($AK8=0,"",IF(INDEX(LookupData!Z:Z,$AK8)="","",INDEX(LookupData!Z:Z,$AK8)))) | AA8: =IF($AK8="","",IF($AK8=0,"",IF(INDEX(LookupData!AA:AA,$AK8)="","",INDEX(LookupData!AA:AA,$AK8)))) | AB8: =IF($AK8="","",IF($AK8=0,"",IF(INDEX(LookupData!AB:AB,$AK8)="","",INDEX(LookupData!AB:AB,$AK8)))) | AC8: =IF($AK8="","",IF($AK8=0,"",IF(INDEX(LookupData!AC:AC,$AK8)="","",INDEX(LookupData!AC:AC,$AK8)))) | AD8: =IF($AK8="","",IF($AK8=0,"",IF(INDEX(LookupData!AD:AD,$AK8)="","",INDEX(LookupData!AD:AD,$AK8)))) | AE8: =IF($AK8="","",IF($AK8=0,"",IF(INDEX(LookupData!AE:AE,$AK8)="","",INDEX(LookupData!AE:AE,$AK8)))) | AF8: =IF($AK8="","",IF($AK8=0,"",IF(INDEX(LookupData!AF:AF,$AK8)="","",INDEX(LookupData!AF:AF,$AK8)))) | AG8: =IF($AK8="","",IF($AK8=0,"",IF(INDEX(LookupData!AG:AG,$AK8)="","",INDEX(LookupData!AG:AG,$AK8)))) | AH8: =IF($AK8="","",IF($AK8=0,"",IF(INDEX(LookupData!AH:AH,$AK8)="","",INDEX(LookupData!AH:AH,$AK8)))) | AI8: =IF($AK8="","",IF($AK8=0,"",IF(INDEX(LookupData!AI:AI,$AK8)="","",HYPERLINK(INDEX(LookupData!AI:AI,$AK8),"Open")))) | AK8: =IF(AL8="","",IFERROR(MATCH(AL8,LookupData!$A:$A,0),0)) | AL8: =IF(TRIM($A8)="","",UPPER(TRIM($A8))) | AM8: =IF(AL8="",AM7,IF(AM7="",AL8,AM7&"|"&AL8)) | AO8: =IF(MID($AN$1,1681,240)="","|",MID($AN$1,1681,240)) -> |
B9: =IF($AK9="","",IF($AK9=0,"not in the database",IF(INDEX(LookupData!B:B,$AK9)="","",INDEX(LookupData!B:B,$AK9)))) | C9: =IF($AK9="","",IF($AK9=0,"",IF(INDEX(LookupData!C:C,$AK9)="","",INDEX(LookupData!C:C,$AK9)))) | D9: =IF($AK9="","",IF($AK9=0,"",IF(INDEX(LookupData!D:D,$AK9)="","",INDEX(LookupData!D:D,$AK9)))) | E9: =IF($AK9="","",IF($AK9=0,"",IF(INDEX(LookupData!E:E,$AK9)="","",INDEX(LookupData!E:E,$AK9)))) | F9: =IF($AK9="","",IF($AK9=0,"",IF(INDEX(LookupData!F:F,$AK9)="","",INDEX(LookupData!F:F,$AK9)))) | G9: =IF($AK9="","",IF($AK9=0,"",IF(INDEX(LookupData!G:G,$AK9)="","",INDEX(LookupData!G:G,$AK9)))) | H9: =IF($AK9="","",IF($AK9=0,"",IF(INDEX(LookupData!H:H,$AK9)="","",INDEX(LookupData!H:H,$AK9)))) | I9: =IF($AK9="","",IF($AK9=0,"",IF(INDEX(LookupData!I:I,$AK9)="","",INDEX(LookupData!I:I,$AK9)))) | J9: =IF($AK9="","",IF($AK9=0,"",IF(INDEX(LookupData!J:J,$AK9)="","",INDEX(LookupData!J:J,$AK9)))) | K9: =IF($AK9="","",IF($AK9=0,"",IF(INDEX(LookupData!K:K,$AK9)="","",INDEX(LookupData!K:K,$AK9)))) | L9: =IF($AK9="","",IF($AK9=0,"",IF(INDEX(LookupData!L:L,$AK9)="","",INDEX(LookupData!L:L,$AK9)))) | M9: =IF($AK9="","",IF($AK9=0,"",IF(INDEX(LookupData!M:M,$AK9)="","",INDEX(LookupData!M:M,$AK9)))) | N9: =IF($AK9="","",IF($AK9=0,"",IF(INDEX(LookupData!N:N,$AK9)="","",INDEX(LookupData!N:N,$AK9)))) | O9: =IF($AK9="","",IF($AK9=0,"",IF(INDEX(LookupData!O:O,$AK9)="","",INDEX(LookupData!O:O,$AK9)))) | P9: =IF($AK9="","",IF($AK9=0,"",IF(INDEX(LookupData!P:P,$AK9)="","",INDEX(LookupData!P:P,$AK9)))) | Q9: =IF($AK9="","",IF($AK9=0,"",IF(INDEX(LookupData!Q:Q,$AK9)="","",INDEX(LookupData!Q:Q,$AK9)))) | R9: =IF($AK9="","",IF($AK9=0,"",IF(INDEX(LookupData!R:R,$AK9)="","",INDEX(LookupData!R:R,$AK9)))) | S9: =IF($AK9="","",IF($AK9=0,"",IF(INDEX(LookupData!S:S,$AK9)="","",INDEX(LookupData!S:S,$AK9)))) | T9: =IF($AK9="","",IF($AK9=0,"",IF(INDEX(LookupData!T:T,$AK9)="","",INDEX(LookupData!T:T,$AK9)))) | U9: =IF($AK9="","",IF($AK9=0,"",IF(INDEX(LookupData!U:U,$AK9)="","",INDEX(LookupData!U:U,$AK9)))) | V9: =IF($AK9="","",IF($AK9=0,"",IF(INDEX(LookupData!V:V,$AK9)="","",INDEX(LookupData!V:V,$AK9)))) | W9: =IF($AK9="","",IF($AK9=0,"",IF(INDEX(LookupData!W:W,$AK9)="","",INDEX(LookupData!W:W,$AK9)))) | X9: =IF($AK9="","",IF($AK9=0,"",IF(INDEX(LookupData!X:X,$AK9)="","",INDEX(LookupData!X:X,$AK9)))) | Y9: =IF($AK9="","",IF($AK9=0,"",IF(INDEX(LookupData!Y:Y,$AK9)="","",INDEX(LookupData!Y:Y,$AK9)))) | Z9: =IF($AK9="","",IF($AK9=0,"",IF(INDEX(LookupData!Z:Z,$AK9)="","",INDEX(LookupData!Z:Z,$AK9)))) | AA9: =IF($AK9="","",IF($AK9=0,"",IF(INDEX(LookupData!AA:AA,$AK9)="","",INDEX(LookupData!AA:AA,$AK9)))) | AB9: =IF($AK9="","",IF($AK9=0,"",IF(INDEX(LookupData!AB:AB,$AK9)="","",INDEX(LookupData!AB:AB,$AK9)))) | AC9: =IF($AK9="","",IF($AK9=0,"",IF(INDEX(LookupData!AC:AC,$AK9)="","",INDEX(LookupData!AC:AC,$AK9)))) | AD9: =IF($AK9="","",IF($AK9=0,"",IF(INDEX(LookupData!AD:AD,$AK9)="","",INDEX(LookupData!AD:AD,$AK9)))) | AE9: =IF($AK9="","",IF($AK9=0,"",IF(INDEX(LookupData!AE:AE,$AK9)="","",INDEX(LookupData!AE:AE,$AK9)))) | AF9: =IF($AK9="","",IF($AK9=0,"",IF(INDEX(LookupData!AF:AF,$AK9)="","",INDEX(LookupData!AF:AF,$AK9)))) | AG9: =IF($AK9="","",IF($AK9=0,"",IF(INDEX(LookupData!AG:AG,$AK9)="","",INDEX(LookupData!AG:AG,$AK9)))) | AH9: =IF($AK9="","",IF($AK9=0,"",IF(INDEX(LookupData!AH:AH,$AK9)="","",INDEX(LookupData!AH:AH,$AK9)))) | AI9: =IF($AK9="","",IF($AK9=0,"",IF(INDEX(LookupData!AI:AI,$AK9)="","",HYPERLINK(INDEX(LookupData!AI:AI,$AK9),"Open")))) | AK9: =IF(AL9="","",IFERROR(MATCH(AL9,LookupData!$A:$A,0),0)) | AL9: =IF(TRIM($A9)="","",UPPER(TRIM($A9))) | AM9: =IF(AL9="",AM8,IF(AM8="",AL9,AM8&"|"&AL9)) | AO9: =IF(MID($AN$1,1921,240)="","|",MID($AN$1,1921,240)) -> |
B10: =IF($AK10="","",IF($AK10=0,"not in the database",IF(INDEX(LookupData!B:B,$AK10)="","",INDEX(LookupData!B:B,$AK10)))) | C10: =IF($AK10="","",IF($AK10=0,"",IF(INDEX(LookupData!C:C,$AK10)="","",INDEX(LookupData!C:C,$AK10)))) | D10: =IF($AK10="","",IF($AK10=0,"",IF(INDEX(LookupData!D:D,$AK10)="","",INDEX(LookupData!D:D,$AK10)))) | E10: =IF($AK10="","",IF($AK10=0,"",IF(INDEX(LookupData!E:E,$AK10)="","",INDEX(LookupData!E:E,$AK10)))) | F10: =IF($AK10="","",IF($AK10=0,"",IF(INDEX(LookupData!F:F,$AK10)="","",INDEX(LookupData!F:F,$AK10)))) | G10: =IF($AK10="","",IF($AK10=0,"",IF(INDEX(LookupData!G:G,$AK10)="","",INDEX(LookupData!G:G,$AK10)))) | H10: =IF($AK10="","",IF($AK10=0,"",IF(INDEX(LookupData!H:H,$AK10)="","",INDEX(LookupData!H:H,$AK10)))) | I10: =IF($AK10="","",IF($AK10=0,"",IF(INDEX(LookupData!I:I,$AK10)="","",INDEX(LookupData!I:I,$AK10)))) | J10: =IF($AK10="","",IF($AK10=0,"",IF(INDEX(LookupData!J:J,$AK10)="","",INDEX(LookupData!J:J,$AK10)))) | K10: =IF($AK10="","",IF($AK10=0,"",IF(INDEX(LookupData!K:K,$AK10)="","",INDEX(LookupData!K:K,$AK10)))) | L10: =IF($AK10="","",IF($AK10=0,"",IF(INDEX(LookupData!L:L,$AK10)="","",INDEX(LookupData!L:L,$AK10)))) | M10: =IF($AK10="","",IF($AK10=0,"",IF(INDEX(LookupData!M:M,$AK10)="","",INDEX(LookupData!M:M,$AK10)))) | N10: =IF($AK10="","",IF($AK10=0,"",IF(INDEX(LookupData!N:N,$AK10)="","",INDEX(LookupData!N:N,$AK10)))) | O10: =IF($AK10="","",IF($AK10=0,"",IF(INDEX(LookupData!O:O,$AK10)="","",INDEX(LookupData!O:O,$AK10)))) | P10: =IF($AK10="","",IF($AK10=0,"",IF(INDEX(LookupData!P:P,$AK10)="","",INDEX(LookupData!P:P,$AK10)))) | Q10: =IF($AK10="","",IF($AK10=0,"",IF(INDEX(LookupData!Q:Q,$AK10)="","",INDEX(LookupData!Q:Q,$AK10)))) | R10: =IF($AK10="","",IF($AK10=0,"",IF(INDEX(LookupData!R:R,$AK10)="","",INDEX(LookupData!R:R,$AK10)))) | S10: =IF($AK10="","",IF($AK10=0,"",IF(INDEX(LookupData!S:S,$AK10)="","",INDEX(LookupData!S:S,$AK10)))) | T10: =IF($AK10="","",IF($AK10=0,"",IF(INDEX(LookupData!T:T,$AK10)="","",INDEX(LookupData!T:T,$AK10)))) | U10: =IF($AK10="","",IF($AK10=0,"",IF(INDEX(LookupData!U:U,$AK10)="","",INDEX(LookupData!U:U,$AK10)))) | V10: =IF($AK10="","",IF($AK10=0,"",IF(INDEX(LookupData!V:V,$AK10)="","",INDEX(LookupData!V:V,$AK10)))) | W10: =IF($AK10="","",IF($AK10=0,"",IF(INDEX(LookupData!W:W,$AK10)="","",INDEX(LookupData!W:W,$AK10)))) | X10: =IF($AK10="","",IF($AK10=0,"",IF(INDEX(LookupData!X:X,$AK10)="","",INDEX(LookupData!X:X,$AK10)))) | Y10: =IF($AK10="","",IF($AK10=0,"",IF(INDEX(LookupData!Y:Y,$AK10)="","",INDEX(LookupData!Y:Y,$AK10)))) | Z10: =IF($AK10="","",IF($AK10=0,"",IF(INDEX(LookupData!Z:Z,$AK10)="","",INDEX(LookupData!Z:Z,$AK10)))) | AA10: =IF($AK10="","",IF($AK10=0,"",IF(INDEX(LookupData!AA:AA,$AK10)="","",INDEX(LookupData!AA:AA,$AK10)))) | AB10: =IF($AK10="","",IF($AK10=0,"",IF(INDEX(LookupData!AB:AB,$AK10)="","",INDEX(LookupData!AB:AB,$AK10)))) | AC10: =IF($AK10="","",IF($AK10=0,"",IF(INDEX(LookupData!AC:AC,$AK10)="","",INDEX(LookupData!AC:AC,$AK10)))) | AD10: =IF($AK10="","",IF($AK10=0,"",IF(INDEX(LookupData!AD:AD,$AK10)="","",INDEX(LookupData!AD:AD,$AK10)))) | AE10: =IF($AK10="","",IF($AK10=0,"",IF(INDEX(LookupData!AE:AE,$AK10)="","",INDEX(LookupData!AE:AE,$AK10)))) | AF10: =IF($AK10="","",IF($AK10=0,"",IF(INDEX(LookupData!AF:AF,$AK10)="","",INDEX(LookupData!AF:AF,$AK10)))) | AG10: =IF($AK10="","",IF($AK10=0,"",IF(INDEX(LookupData!AG:AG,$AK10)="","",INDEX(LookupData!AG:AG,$AK10)))) | AH10: =IF($AK10="","",IF($AK10=0,"",IF(INDEX(LookupData!AH:AH,$AK10)="","",INDEX(LookupData!AH:AH,$AK10)))) | AI10: =IF($AK10="","",IF($AK10=0,"",IF(INDEX(LookupData!AI:AI,$AK10)="","",HYPERLINK(INDEX(LookupData!AI:AI,$AK10),"Open")))) | AK10: =IF(AL10="","",IFERROR(MATCH(AL10,LookupData!$A:$A,0),0)) | AL10: =IF(TRIM($A10)="","",UPPER(TRIM($A10))) | AM10: =IF(AL10="",AM9,IF(AM9="",AL10,AM9&"|"&AL10)) | AO10: =IF(MID($AN$1,2161,240)="","|",MID($AN$1,2161,240)) -> |
B11: =IF($AK11="","",IF($AK11=0,"not in the database",IF(INDEX(LookupData!B:B,$AK11)="","",INDEX(LookupData!B:B,$AK11)))) | C11: =IF($AK11="","",IF($AK11=0,"",IF(INDEX(LookupData!C:C,$AK11)="","",INDEX(LookupData!C:C,$AK11)))) | D11: =IF($AK11="","",IF($AK11=0,"",IF(INDEX(LookupData!D:D,$AK11)="","",INDEX(LookupData!D:D,$AK11)))) | E11: =IF($AK11="","",IF($AK11=0,"",IF(INDEX(LookupData!E:E,$AK11)="","",INDEX(LookupData!E:E,$AK11)))) | F11: =IF($AK11="","",IF($AK11=0,"",IF(INDEX(LookupData!F:F,$AK11)="","",INDEX(LookupData!F:F,$AK11)))) | G11: =IF($AK11="","",IF($AK11=0,"",IF(INDEX(LookupData!G:G,$AK11)="","",INDEX(LookupData!G:G,$AK11)))) | H11: =IF($AK11="","",IF($AK11=0,"",IF(INDEX(LookupData!H:H,$AK11)="","",INDEX(LookupData!H:H,$AK11)))) | I11: =IF($AK11="","",IF($AK11=0,"",IF(INDEX(LookupData!I:I,$AK11)="","",INDEX(LookupData!I:I,$AK11)))) | J11: =IF($AK11="","",IF($AK11=0,"",IF(INDEX(LookupData!J:J,$AK11)="","",INDEX(LookupData!J:J,$AK11)))) | K11: =IF($AK11="","",IF($AK11=0,"",IF(INDEX(LookupData!K:K,$AK11)="","",INDEX(LookupData!K:K,$AK11)))) | L11: =IF($AK11="","",IF($AK11=0,"",IF(INDEX(LookupData!L:L,$AK11)="","",INDEX(LookupData!L:L,$AK11)))) | M11: =IF($AK11="","",IF($AK11=0,"",IF(INDEX(LookupData!M:M,$AK11)="","",INDEX(LookupData!M:M,$AK11)))) | N11: =IF($AK11="","",IF($AK11=0,"",IF(INDEX(LookupData!N:N,$AK11)="","",INDEX(LookupData!N:N,$AK11)))) | O11: =IF($AK11="","",IF($AK11=0,"",IF(INDEX(LookupData!O:O,$AK11)="","",INDEX(LookupData!O:O,$AK11)))) | P11: =IF($AK11="","",IF($AK11=0,"",IF(INDEX(LookupData!P:P,$AK11)="","",INDEX(LookupData!P:P,$AK11)))) | Q11: =IF($AK11="","",IF($AK11=0,"",IF(INDEX(LookupData!Q:Q,$AK11)="","",INDEX(LookupData!Q:Q,$AK11)))) | R11: =IF($AK11="","",IF($AK11=0,"",IF(INDEX(LookupData!R:R,$AK11)="","",INDEX(LookupData!R:R,$AK11)))) | S11: =IF($AK11="","",IF($AK11=0,"",IF(INDEX(LookupData!S:S,$AK11)="","",INDEX(LookupData!S:S,$AK11)))) | T11: =IF($AK11="","",IF($AK11=0,"",IF(INDEX(LookupData!T:T,$AK11)="","",INDEX(LookupData!T:T,$AK11)))) | U11: =IF($AK11="","",IF($AK11=0,"",IF(INDEX(LookupData!U:U,$AK11)="","",INDEX(LookupData!U:U,$AK11)))) | V11: =IF($AK11="","",IF($AK11=0,"",IF(INDEX(LookupData!V:V,$AK11)="","",INDEX(LookupData!V:V,$AK11)))) | W11: =IF($AK11="","",IF($AK11=0,"",IF(INDEX(LookupData!W:W,$AK11)="","",INDEX(LookupData!W:W,$AK11)))) | X11: =IF($AK11="","",IF($AK11=0,"",IF(INDEX(LookupData!X:X,$AK11)="","",INDEX(LookupData!X:X,$AK11)))) | Y11: =IF($AK11="","",IF($AK11=0,"",IF(INDEX(LookupData!Y:Y,$AK11)="","",INDEX(LookupData!Y:Y,$AK11)))) | Z11: =IF($AK11="","",IF($AK11=0,"",IF(INDEX(LookupData!Z:Z,$AK11)="","",INDEX(LookupData!Z:Z,$AK11)))) | AA11: =IF($AK11="","",IF($AK11=0,"",IF(INDEX(LookupData!AA:AA,$AK11)="","",INDEX(LookupData!AA:AA,$AK11)))) | AB11: =IF($AK11="","",IF($AK11=0,"",IF(INDEX(LookupData!AB:AB,$AK11)="","",INDEX(LookupData!AB:AB,$AK11)))) | AC11: =IF($AK11="","",IF($AK11=0,"",IF(INDEX(LookupData!AC:AC,$AK11)="","",INDEX(LookupData!AC:AC,$AK11)))) | AD11: =IF($AK11="","",IF($AK11=0,"",IF(INDEX(LookupData!AD:AD,$AK11)="","",INDEX(LookupData!AD:AD,$AK11)))) | AE11: =IF($AK11="","",IF($AK11=0,"",IF(INDEX(LookupData!AE:AE,$AK11)="","",INDEX(LookupData!AE:AE,$AK11)))) | AF11: =IF($AK11="","",IF($AK11=0,"",IF(INDEX(LookupData!AF:AF,$AK11)="","",INDEX(LookupData!AF:AF,$AK11)))) | AG11: =IF($AK11="","",IF($AK11=0,"",IF(INDEX(LookupData!AG:AG,$AK11)="","",INDEX(LookupData!AG:AG,$AK11)))) | AH11: =IF($AK11="","",IF($AK11=0,"",IF(INDEX(LookupData!AH:AH,$AK11)="","",INDEX(LookupData!AH:AH,$AK11)))) | AI11: =IF($AK11="","",IF($AK11=0,"",IF(INDEX(LookupData!AI:AI,$AK11)="","",HYPERLINK(INDEX(LookupData!AI:AI,$AK11),"Open")))) | AK11: =IF(AL11="","",IFERROR(MATCH(AL11,LookupData!$A:$A,0),0)) | AL11: =IF(TRIM($A11)="","",UPPER(TRIM($A11))) | AM11: =IF(AL11="",AM10,IF(AM10="",AL11,AM10&"|"&AL11)) | AO11: =IF(MID($AN$1,2401,240)="","|",MID($AN$1,2401,240)) -> |
B12: =IF($AK12="","",IF($AK12=0,"not in the database",IF(INDEX(LookupData!B:B,$AK12)="","",INDEX(LookupData!B:B,$AK12)))) | C12: =IF($AK12="","",IF($AK12=0,"",IF(INDEX(LookupData!C:C,$AK12)="","",INDEX(LookupData!C:C,$AK12)))) | D12: =IF($AK12="","",IF($AK12=0,"",IF(INDEX(LookupData!D:D,$AK12)="","",INDEX(LookupData!D:D,$AK12)))) | E12: =IF($AK12="","",IF($AK12=0,"",IF(INDEX(LookupData!E:E,$AK12)="","",INDEX(LookupData!E:E,$AK12)))) | F12: =IF($AK12="","",IF($AK12=0,"",IF(INDEX(LookupData!F:F,$AK12)="","",INDEX(LookupData!F:F,$AK12)))) | G12: =IF($AK12="","",IF($AK12=0,"",IF(INDEX(LookupData!G:G,$AK12)="","",INDEX(LookupData!G:G,$AK12)))) | H12: =IF($AK12="","",IF($AK12=0,"",IF(INDEX(LookupData!H:H,$AK12)="","",INDEX(LookupData!H:H,$AK12)))) | I12: =IF($AK12="","",IF($AK12=0,"",IF(INDEX(LookupData!I:I,$AK12)="","",INDEX(LookupData!I:I,$AK12)))) | J12: =IF($AK12="","",IF($AK12=0,"",IF(INDEX(LookupData!J:J,$AK12)="","",INDEX(LookupData!J:J,$AK12)))) | K12: =IF($AK12="","",IF($AK12=0,"",IF(INDEX(LookupData!K:K,$AK12)="","",INDEX(LookupData!K:K,$AK12)))) | L12: =IF($AK12="","",IF($AK12=0,"",IF(INDEX(LookupData!L:L,$AK12)="","",INDEX(LookupData!L:L,$AK12)))) | M12: =IF($AK12="","",IF($AK12=0,"",IF(INDEX(LookupData!M:M,$AK12)="","",INDEX(LookupData!M:M,$AK12)))) | N12: =IF($AK12="","",IF($AK12=0,"",IF(INDEX(LookupData!N:N,$AK12)="","",INDEX(LookupData!N:N,$AK12)))) | O12: =IF($AK12="","",IF($AK12=0,"",IF(INDEX(LookupData!O:O,$AK12)="","",INDEX(LookupData!O:O,$AK12)))) | P12: =IF($AK12="","",IF($AK12=0,"",IF(INDEX(LookupData!P:P,$AK12)="","",INDEX(LookupData!P:P,$AK12)))) | Q12: =IF($AK12="","",IF($AK12=0,"",IF(INDEX(LookupData!Q:Q,$AK12)="","",INDEX(LookupData!Q:Q,$AK12)))) | R12: =IF($AK12="","",IF($AK12=0,"",IF(INDEX(LookupData!R:R,$AK12)="","",INDEX(LookupData!R:R,$AK12)))) | S12: =IF($AK12="","",IF($AK12=0,"",IF(INDEX(LookupData!S:S,$AK12)="","",INDEX(LookupData!S:S,$AK12)))) | T12: =IF($AK12="","",IF($AK12=0,"",IF(INDEX(LookupData!T:T,$AK12)="","",INDEX(LookupData!T:T,$AK12)))) | U12: =IF($AK12="","",IF($AK12=0,"",IF(INDEX(LookupData!U:U,$AK12)="","",INDEX(LookupData!U:U,$AK12)))) | V12: =IF($AK12="","",IF($AK12=0,"",IF(INDEX(LookupData!V:V,$AK12)="","",INDEX(LookupData!V:V,$AK12)))) | W12: =IF($AK12="","",IF($AK12=0,"",IF(INDEX(LookupData!W:W,$AK12)="","",INDEX(LookupData!W:W,$AK12)))) | X12: =IF($AK12="","",IF($AK12=0,"",IF(INDEX(LookupData!X:X,$AK12)="","",INDEX(LookupData!X:X,$AK12)))) | Y12: =IF($AK12="","",IF($AK12=0,"",IF(INDEX(LookupData!Y:Y,$AK12)="","",INDEX(LookupData!Y:Y,$AK12)))) | Z12: =IF($AK12="","",IF($AK12=0,"",IF(INDEX(LookupData!Z:Z,$AK12)="","",INDEX(LookupData!Z:Z,$AK12)))) | AA12: =IF($AK12="","",IF($AK12=0,"",IF(INDEX(LookupData!AA:AA,$AK12)="","",INDEX(LookupData!AA:AA,$AK12)))) | AB12: =IF($AK12="","",IF($AK12=0,"",IF(INDEX(LookupData!AB:AB,$AK12)="","",INDEX(LookupData!AB:AB,$AK12)))) | AC12: =IF($AK12="","",IF($AK12=0,"",IF(INDEX(LookupData!AC:AC,$AK12)="","",INDEX(LookupData!AC:AC,$AK12)))) | AD12: =IF($AK12="","",IF($AK12=0,"",IF(INDEX(LookupData!AD:AD,$AK12)="","",INDEX(LookupData!AD:AD,$AK12)))) | AE12: =IF($AK12="","",IF($AK12=0,"",IF(INDEX(LookupData!AE:AE,$AK12)="","",INDEX(LookupData!AE:AE,$AK12)))) | AF12: =IF($AK12="","",IF($AK12=0,"",IF(INDEX(LookupData!AF:AF,$AK12)="","",INDEX(LookupData!AF:AF,$AK12)))) | AG12: =IF($AK12="","",IF($AK12=0,"",IF(INDEX(LookupData!AG:AG,$AK12)="","",INDEX(LookupData!AG:AG,$AK12)))) | AH12: =IF($AK12="","",IF($AK12=0,"",IF(INDEX(LookupData!AH:AH,$AK12)="","",INDEX(LookupData!AH:AH,$AK12)))) | AI12: =IF($AK12="","",IF($AK12=0,"",IF(INDEX(LookupData!AI:AI,$AK12)="","",HYPERLINK(INDEX(LookupData!AI:AI,$AK12),"Open")))) | AK12: =IF(AL12="","",IFERROR(MATCH(AL12,LookupData!$A:$A,0),0)) | AL12: =IF(TRIM($A12)="","",UPPER(TRIM($A12))) | AM12: =IF(AL12="",AM11,IF(AM11="",AL12,AM11&"|"&AL12)) | AO12: =IF(MID($AN$1,2641,240)="","|",MID($AN$1,2641,240)) -> |
B13: =IF($AK13="","",IF($AK13=0,"not in the database",IF(INDEX(LookupData!B:B,$AK13)="","",INDEX(LookupData!B:B,$AK13)))) | C13: =IF($AK13="","",IF($AK13=0,"",IF(INDEX(LookupData!C:C,$AK13)="","",INDEX(LookupData!C:C,$AK13)))) | D13: =IF($AK13="","",IF($AK13=0,"",IF(INDEX(LookupData!D:D,$AK13)="","",INDEX(LookupData!D:D,$AK13)))) | E13: =IF($AK13="","",IF($AK13=0,"",IF(INDEX(LookupData!E:E,$AK13)="","",INDEX(LookupData!E:E,$AK13)))) | F13: =IF($AK13="","",IF($AK13=0,"",IF(INDEX(LookupData!F:F,$AK13)="","",INDEX(LookupData!F:F,$AK13)))) | G13: =IF($AK13="","",IF($AK13=0,"",IF(INDEX(LookupData!G:G,$AK13)="","",INDEX(LookupData!G:G,$AK13)))) | H13: =IF($AK13="","",IF($AK13=0,"",IF(INDEX(LookupData!H:H,$AK13)="","",INDEX(LookupData!H:H,$AK13)))) | I13: =IF($AK13="","",IF($AK13=0,"",IF(INDEX(LookupData!I:I,$AK13)="","",INDEX(LookupData!I:I,$AK13)))) | J13: =IF($AK13="","",IF($AK13=0,"",IF(INDEX(LookupData!J:J,$AK13)="","",INDEX(LookupData!J:J,$AK13)))) | K13: =IF($AK13="","",IF($AK13=0,"",IF(INDEX(LookupData!K:K,$AK13)="","",INDEX(LookupData!K:K,$AK13)))) | L13: =IF($AK13="","",IF($AK13=0,"",IF(INDEX(LookupData!L:L,$AK13)="","",INDEX(LookupData!L:L,$AK13)))) | M13: =IF($AK13="","",IF($AK13=0,"",IF(INDEX(LookupData!M:M,$AK13)="","",INDEX(LookupData!M:M,$AK13)))) | N13: =IF($AK13="","",IF($AK13=0,"",IF(INDEX(LookupData!N:N,$AK13)="","",INDEX(LookupData!N:N,$AK13)))) | O13: =IF($AK13="","",IF($AK13=0,"",IF(INDEX(LookupData!O:O,$AK13)="","",INDEX(LookupData!O:O,$AK13)))) | P13: =IF($AK13="","",IF($AK13=0,"",IF(INDEX(LookupData!P:P,$AK13)="","",INDEX(LookupData!P:P,$AK13)))) | Q13: =IF($AK13="","",IF($AK13=0,"",IF(INDEX(LookupData!Q:Q,$AK13)="","",INDEX(LookupData!Q:Q,$AK13)))) | R13: =IF($AK13="","",IF($AK13=0,"",IF(INDEX(LookupData!R:R,$AK13)="","",INDEX(LookupData!R:R,$AK13)))) | S13: =IF($AK13="","",IF($AK13=0,"",IF(INDEX(LookupData!S:S,$AK13)="","",INDEX(LookupData!S:S,$AK13)))) | T13: =IF($AK13="","",IF($AK13=0,"",IF(INDEX(LookupData!T:T,$AK13)="","",INDEX(LookupData!T:T,$AK13)))) | U13: =IF($AK13="","",IF($AK13=0,"",IF(INDEX(LookupData!U:U,$AK13)="","",INDEX(LookupData!U:U,$AK13)))) | V13: =IF($AK13="","",IF($AK13=0,"",IF(INDEX(LookupData!V:V,$AK13)="","",INDEX(LookupData!V:V,$AK13)))) | W13: =IF($AK13="","",IF($AK13=0,"",IF(INDEX(LookupData!W:W,$AK13)="","",INDEX(LookupData!W:W,$AK13)))) | X13: =IF($AK13="","",IF($AK13=0,"",IF(INDEX(LookupData!X:X,$AK13)="","",INDEX(LookupData!X:X,$AK13)))) | Y13: =IF($AK13="","",IF($AK13=0,"",IF(INDEX(LookupData!Y:Y,$AK13)="","",INDEX(LookupData!Y:Y,$AK13)))) | Z13: =IF($AK13="","",IF($AK13=0,"",IF(INDEX(LookupData!Z:Z,$AK13)="","",INDEX(LookupData!Z:Z,$AK13)))) | AA13: =IF($AK13="","",IF($AK13=0,"",IF(INDEX(LookupData!AA:AA,$AK13)="","",INDEX(LookupData!AA:AA,$AK13)))) | AB13: =IF($AK13="","",IF($AK13=0,"",IF(INDEX(LookupData!AB:AB,$AK13)="","",INDEX(LookupData!AB:AB,$AK13)))) | AC13: =IF($AK13="","",IF($AK13=0,"",IF(INDEX(LookupData!AC:AC,$AK13)="","",INDEX(LookupData!AC:AC,$AK13)))) | AD13: =IF($AK13="","",IF($AK13=0,"",IF(INDEX(LookupData!AD:AD,$AK13)="","",INDEX(LookupData!AD:AD,$AK13)))) | AE13: =IF($AK13="","",IF($AK13=0,"",IF(INDEX(LookupData!AE:AE,$AK13)="","",INDEX(LookupData!AE:AE,$AK13)))) | AF13: =IF($AK13="","",IF($AK13=0,"",IF(INDEX(LookupData!AF:AF,$AK13)="","",INDEX(LookupData!AF:AF,$AK13)))) | AG13: =IF($AK13="","",IF($AK13=0,"",IF(INDEX(LookupData!AG:AG,$AK13)="","",INDEX(LookupData!AG:AG,$AK13)))) | AH13: =IF($AK13="","",IF($AK13=0,"",IF(INDEX(LookupData!AH:AH,$AK13)="","",INDEX(LookupData!AH:AH,$AK13)))) | AI13: =IF($AK13="","",IF($AK13=0,"",IF(INDEX(LookupData!AI:AI,$AK13)="","",HYPERLINK(INDEX(LookupData!AI:AI,$AK13),"Open")))) | AK13: =IF(AL13="","",IFERROR(MATCH(AL13,LookupData!$A:$A,0),0)) | AL13: =IF(TRIM($A13)="","",UPPER(TRIM($A13))) | AM13: =IF(AL13="",AM12,IF(AM12="",AL13,AM12&"|"&AL13)) | AO13: =IF(MID($AN$1,2881,240)="","|",MID($AN$1,2881,240)) -> |
B14: =IF($AK14="","",IF($AK14=0,"not in the database",IF(INDEX(LookupData!B:B,$AK14)="","",INDEX(LookupData!B:B,$AK14)))) | C14: =IF($AK14="","",IF($AK14=0,"",IF(INDEX(LookupData!C:C,$AK14)="","",INDEX(LookupData!C:C,$AK14)))) | D14: =IF($AK14="","",IF($AK14=0,"",IF(INDEX(LookupData!D:D,$AK14)="","",INDEX(LookupData!D:D,$AK14)))) | E14: =IF($AK14="","",IF($AK14=0,"",IF(INDEX(LookupData!E:E,$AK14)="","",INDEX(LookupData!E:E,$AK14)))) | F14: =IF($AK14="","",IF($AK14=0,"",IF(INDEX(LookupData!F:F,$AK14)="","",INDEX(LookupData!F:F,$AK14)))) | G14: =IF($AK14="","",IF($AK14=0,"",IF(INDEX(LookupData!G:G,$AK14)="","",INDEX(LookupData!G:G,$AK14)))) | H14: =IF($AK14="","",IF($AK14=0,"",IF(INDEX(LookupData!H:H,$AK14)="","",INDEX(LookupData!H:H,$AK14)))) | I14: =IF($AK14="","",IF($AK14=0,"",IF(INDEX(LookupData!I:I,$AK14)="","",INDEX(LookupData!I:I,$AK14)))) | J14: =IF($AK14="","",IF($AK14=0,"",IF(INDEX(LookupData!J:J,$AK14)="","",INDEX(LookupData!J:J,$AK14)))) | K14: =IF($AK14="","",IF($AK14=0,"",IF(INDEX(LookupData!K:K,$AK14)="","",INDEX(LookupData!K:K,$AK14)))) | L14: =IF($AK14="","",IF($AK14=0,"",IF(INDEX(LookupData!L:L,$AK14)="","",INDEX(LookupData!L:L,$AK14)))) | M14: =IF($AK14="","",IF($AK14=0,"",IF(INDEX(LookupData!M:M,$AK14)="","",INDEX(LookupData!M:M,$AK14)))) | N14: =IF($AK14="","",IF($AK14=0,"",IF(INDEX(LookupData!N:N,$AK14)="","",INDEX(LookupData!N:N,$AK14)))) | O14: =IF($AK14="","",IF($AK14=0,"",IF(INDEX(LookupData!O:O,$AK14)="","",INDEX(LookupData!O:O,$AK14)))) | P14: =IF($AK14="","",IF($AK14=0,"",IF(INDEX(LookupData!P:P,$AK14)="","",INDEX(LookupData!P:P,$AK14)))) | Q14: =IF($AK14="","",IF($AK14=0,"",IF(INDEX(LookupData!Q:Q,$AK14)="","",INDEX(LookupData!Q:Q,$AK14)))) | R14: =IF($AK14="","",IF($AK14=0,"",IF(INDEX(LookupData!R:R,$AK14)="","",INDEX(LookupData!R:R,$AK14)))) | S14: =IF($AK14="","",IF($AK14=0,"",IF(INDEX(LookupData!S:S,$AK14)="","",INDEX(LookupData!S:S,$AK14)))) | T14: =IF($AK14="","",IF($AK14=0,"",IF(INDEX(LookupData!T:T,$AK14)="","",INDEX(LookupData!T:T,$AK14)))) | U14: =IF($AK14="","",IF($AK14=0,"",IF(INDEX(LookupData!U:U,$AK14)="","",INDEX(LookupData!U:U,$AK14)))) | V14: =IF($AK14="","",IF($AK14=0,"",IF(INDEX(LookupData!V:V,$AK14)="","",INDEX(LookupData!V:V,$AK14)))) | W14: =IF($AK14="","",IF($AK14=0,"",IF(INDEX(LookupData!W:W,$AK14)="","",INDEX(LookupData!W:W,$AK14)))) | X14: =IF($AK14="","",IF($AK14=0,"",IF(INDEX(LookupData!X:X,$AK14)="","",INDEX(LookupData!X:X,$AK14)))) | Y14: =IF($AK14="","",IF($AK14=0,"",IF(INDEX(LookupData!Y:Y,$AK14)="","",INDEX(LookupData!Y:Y,$AK14)))) | Z14: =IF($AK14="","",IF($AK14=0,"",IF(INDEX(LookupData!Z:Z,$AK14)="","",INDEX(LookupData!Z:Z,$AK14)))) | AA14: =IF($AK14="","",IF($AK14=0,"",IF(INDEX(LookupData!AA:AA,$AK14)="","",INDEX(LookupData!AA:AA,$AK14)))) | AB14: =IF($AK14="","",IF($AK14=0,"",IF(INDEX(LookupData!AB:AB,$AK14)="","",INDEX(LookupData!AB:AB,$AK14)))) | AC14: =IF($AK14="","",IF($AK14=0,"",IF(INDEX(LookupData!AC:AC,$AK14)="","",INDEX(LookupData!AC:AC,$AK14)))) | AD14: =IF($AK14="","",IF($AK14=0,"",IF(INDEX(LookupData!AD:AD,$AK14)="","",INDEX(LookupData!AD:AD,$AK14)))) | AE14: =IF($AK14="","",IF($AK14=0,"",IF(INDEX(LookupData!AE:AE,$AK14)="","",INDEX(LookupData!AE:AE,$AK14)))) | AF14: =IF($AK14="","",IF($AK14=0,"",IF(INDEX(LookupData!AF:AF,$AK14)="","",INDEX(LookupData!AF:AF,$AK14)))) | AG14: =IF($AK14="","",IF($AK14=0,"",IF(INDEX(LookupData!AG:AG,$AK14)="","",INDEX(LookupData!AG:AG,$AK14)))) | AH14: =IF($AK14="","",IF($AK14=0,"",IF(INDEX(LookupData!AH:AH,$AK14)="","",INDEX(LookupData!AH:AH,$AK14)))) | AI14: =IF($AK14="","",IF($AK14=0,"",IF(INDEX(LookupData!AI:AI,$AK14)="","",HYPERLINK(INDEX(LookupData!AI:AI,$AK14),"Open")))) | AK14: =IF(AL14="","",IFERROR(MATCH(AL14,LookupData!$A:$A,0),0)) | AL14: =IF(TRIM($A14)="","",UPPER(TRIM($A14))) | AM14: =IF(AL14="",AM13,IF(AM13="",AL14,AM13&"|"&AL14)) | AO14: =IF(MID($AN$1,3121,240)="","|",MID($AN$1,3121,240)) -> |
B15: =IF($AK15="","",IF($AK15=0,"not in the database",IF(INDEX(LookupData!B:B,$AK15)="","",INDEX(LookupData!B:B,$AK15)))) | C15: =IF($AK15="","",IF($AK15=0,"",IF(INDEX(LookupData!C:C,$AK15)="","",INDEX(LookupData!C:C,$AK15)))) | D15: =IF($AK15="","",IF($AK15=0,"",IF(INDEX(LookupData!D:D,$AK15)="","",INDEX(LookupData!D:D,$AK15)))) | E15: =IF($AK15="","",IF($AK15=0,"",IF(INDEX(LookupData!E:E,$AK15)="","",INDEX(LookupData!E:E,$AK15)))) | F15: =IF($AK15="","",IF($AK15=0,"",IF(INDEX(LookupData!F:F,$AK15)="","",INDEX(LookupData!F:F,$AK15)))) | G15: =IF($AK15="","",IF($AK15=0,"",IF(INDEX(LookupData!G:G,$AK15)="","",INDEX(LookupData!G:G,$AK15)))) | H15: =IF($AK15="","",IF($AK15=0,"",IF(INDEX(LookupData!H:H,$AK15)="","",INDEX(LookupData!H:H,$AK15)))) | I15: =IF($AK15="","",IF($AK15=0,"",IF(INDEX(LookupData!I:I,$AK15)="","",INDEX(LookupData!I:I,$AK15)))) | J15: =IF($AK15="","",IF($AK15=0,"",IF(INDEX(LookupData!J:J,$AK15)="","",INDEX(LookupData!J:J,$AK15)))) | K15: =IF($AK15="","",IF($AK15=0,"",IF(INDEX(LookupData!K:K,$AK15)="","",INDEX(LookupData!K:K,$AK15)))) | L15: =IF($AK15="","",IF($AK15=0,"",IF(INDEX(LookupData!L:L,$AK15)="","",INDEX(LookupData!L:L,$AK15)))) | M15: =IF($AK15="","",IF($AK15=0,"",IF(INDEX(LookupData!M:M,$AK15)="","",INDEX(LookupData!M:M,$AK15)))) | N15: =IF($AK15="","",IF($AK15=0,"",IF(INDEX(LookupData!N:N,$AK15)="","",INDEX(LookupData!N:N,$AK15)))) | O15: =IF($AK15="","",IF($AK15=0,"",IF(INDEX(LookupData!O:O,$AK15)="","",INDEX(LookupData!O:O,$AK15)))) | P15: =IF($AK15="","",IF($AK15=0,"",IF(INDEX(LookupData!P:P,$AK15)="","",INDEX(LookupData!P:P,$AK15)))) | Q15: =IF($AK15="","",IF($AK15=0,"",IF(INDEX(LookupData!Q:Q,$AK15)="","",INDEX(LookupData!Q:Q,$AK15)))) | R15: =IF($AK15="","",IF($AK15=0,"",IF(INDEX(LookupData!R:R,$AK15)="","",INDEX(LookupData!R:R,$AK15)))) | S15: =IF($AK15="","",IF($AK15=0,"",IF(INDEX(LookupData!S:S,$AK15)="","",INDEX(LookupData!S:S,$AK15)))) | T15: =IF($AK15="","",IF($AK15=0,"",IF(INDEX(LookupData!T:T,$AK15)="","",INDEX(LookupData!T:T,$AK15)))) | U15: =IF($AK15="","",IF($AK15=0,"",IF(INDEX(LookupData!U:U,$AK15)="","",INDEX(LookupData!U:U,$AK15)))) | V15: =IF($AK15="","",IF($AK15=0,"",IF(INDEX(LookupData!V:V,$AK15)="","",INDEX(LookupData!V:V,$AK15)))) | W15: =IF($AK15="","",IF($AK15=0,"",IF(INDEX(LookupData!W:W,$AK15)="","",INDEX(LookupData!W:W,$AK15)))) | X15: =IF($AK15="","",IF($AK15=0,"",IF(INDEX(LookupData!X:X,$AK15)="","",INDEX(LookupData!X:X,$AK15)))) | Y15: =IF($AK15="","",IF($AK15=0,"",IF(INDEX(LookupData!Y:Y,$AK15)="","",INDEX(LookupData!Y:Y,$AK15)))) | Z15: =IF($AK15="","",IF($AK15=0,"",IF(INDEX(LookupData!Z:Z,$AK15)="","",INDEX(LookupData!Z:Z,$AK15)))) | AA15: =IF($AK15="","",IF($AK15=0,"",IF(INDEX(LookupData!AA:AA,$AK15)="","",INDEX(LookupData!AA:AA,$AK15)))) | AB15: =IF($AK15="","",IF($AK15=0,"",IF(INDEX(LookupData!AB:AB,$AK15)="","",INDEX(LookupData!AB:AB,$AK15)))) | AC15: =IF($AK15="","",IF($AK15=0,"",IF(INDEX(LookupData!AC:AC,$AK15)="","",INDEX(LookupData!AC:AC,$AK15)))) | AD15: =IF($AK15="","",IF($AK15=0,"",IF(INDEX(LookupData!AD:AD,$AK15)="","",INDEX(LookupData!AD:AD,$AK15)))) | AE15: =IF($AK15="","",IF($AK15=0,"",IF(INDEX(LookupData!AE:AE,$AK15)="","",INDEX(LookupData!AE:AE,$AK15)))) | AF15: =IF($AK15="","",IF($AK15=0,"",IF(INDEX(LookupData!AF:AF,$AK15)="","",INDEX(LookupData!AF:AF,$AK15)))) | AG15: =IF($AK15="","",IF($AK15=0,"",IF(INDEX(LookupData!AG:AG,$AK15)="","",INDEX(LookupData!AG:AG,$AK15)))) | AH15: =IF($AK15="","",IF($AK15=0,"",IF(INDEX(LookupData!AH:AH,$AK15)="","",INDEX(LookupData!AH:AH,$AK15)))) | AI15: =IF($AK15="","",IF($AK15=0,"",IF(INDEX(LookupData!AI:AI,$AK15)="","",HYPERLINK(INDEX(LookupData!AI:AI,$AK15),"Open")))) | AK15: =IF(AL15="","",IFERROR(MATCH(AL15,LookupData!$A:$A,0),0)) | AL15: =IF(TRIM($A15)="","",UPPER(TRIM($A15))) | AM15: =IF(AL15="",AM14,IF(AM14="",AL15,AM14&"|"&AL15)) | AO15: =IF(MID($AN$1,3361,240)="","|",MID($AN$1,3361,240)) -> |
B16: =IF($AK16="","",IF($AK16=0,"not in the database",IF(INDEX(LookupData!B:B,$AK16)="","",INDEX(LookupData!B:B,$AK16)))) | C16: =IF($AK16="","",IF($AK16=0,"",IF(INDEX(LookupData!C:C,$AK16)="","",INDEX(LookupData!C:C,$AK16)))) | D16: =IF($AK16="","",IF($AK16=0,"",IF(INDEX(LookupData!D:D,$AK16)="","",INDEX(LookupData!D:D,$AK16)))) | E16: =IF($AK16="","",IF($AK16=0,"",IF(INDEX(LookupData!E:E,$AK16)="","",INDEX(LookupData!E:E,$AK16)))) | F16: =IF($AK16="","",IF($AK16=0,"",IF(INDEX(LookupData!F:F,$AK16)="","",INDEX(LookupData!F:F,$AK16)))) | G16: =IF($AK16="","",IF($AK16=0,"",IF(INDEX(LookupData!G:G,$AK16)="","",INDEX(LookupData!G:G,$AK16)))) | H16: =IF($AK16="","",IF($AK16=0,"",IF(INDEX(LookupData!H:H,$AK16)="","",INDEX(LookupData!H:H,$AK16)))) | I16: =IF($AK16="","",IF($AK16=0,"",IF(INDEX(LookupData!I:I,$AK16)="","",INDEX(LookupData!I:I,$AK16)))) | J16: =IF($AK16="","",IF($AK16=0,"",IF(INDEX(LookupData!J:J,$AK16)="","",INDEX(LookupData!J:J,$AK16)))) | K16: =IF($AK16="","",IF($AK16=0,"",IF(INDEX(LookupData!K:K,$AK16)="","",INDEX(LookupData!K:K,$AK16)))) | L16: =IF($AK16="","",IF($AK16=0,"",IF(INDEX(LookupData!L:L,$AK16)="","",INDEX(LookupData!L:L,$AK16)))) | M16: =IF($AK16="","",IF($AK16=0,"",IF(INDEX(LookupData!M:M,$AK16)="","",INDEX(LookupData!M:M,$AK16)))) | N16: =IF($AK16="","",IF($AK16=0,"",IF(INDEX(LookupData!N:N,$AK16)="","",INDEX(LookupData!N:N,$AK16)))) | O16: =IF($AK16="","",IF($AK16=0,"",IF(INDEX(LookupData!O:O,$AK16)="","",INDEX(LookupData!O:O,$AK16)))) | P16: =IF($AK16="","",IF($AK16=0,"",IF(INDEX(LookupData!P:P,$AK16)="","",INDEX(LookupData!P:P,$AK16)))) | Q16: =IF($AK16="","",IF($AK16=0,"",IF(INDEX(LookupData!Q:Q,$AK16)="","",INDEX(LookupData!Q:Q,$AK16)))) | R16: =IF($AK16="","",IF($AK16=0,"",IF(INDEX(LookupData!R:R,$AK16)="","",INDEX(LookupData!R:R,$AK16)))) | S16: =IF($AK16="","",IF($AK16=0,"",IF(INDEX(LookupData!S:S,$AK16)="","",INDEX(LookupData!S:S,$AK16)))) | T16: =IF($AK16="","",IF($AK16=0,"",IF(INDEX(LookupData!T:T,$AK16)="","",INDEX(LookupData!T:T,$AK16)))) | U16: =IF($AK16="","",IF($AK16=0,"",IF(INDEX(LookupData!U:U,$AK16)="","",INDEX(LookupData!U:U,$AK16)))) | V16: =IF($AK16="","",IF($AK16=0,"",IF(INDEX(LookupData!V:V,$AK16)="","",INDEX(LookupData!V:V,$AK16)))) | W16: =IF($AK16="","",IF($AK16=0,"",IF(INDEX(LookupData!W:W,$AK16)="","",INDEX(LookupData!W:W,$AK16)))) | X16: =IF($AK16="","",IF($AK16=0,"",IF(INDEX(LookupData!X:X,$AK16)="","",INDEX(LookupData!X:X,$AK16)))) | Y16: =IF($AK16="","",IF($AK16=0,"",IF(INDEX(LookupData!Y:Y,$AK16)="","",INDEX(LookupData!Y:Y,$AK16)))) | Z16: =IF($AK16="","",IF($AK16=0,"",IF(INDEX(LookupData!Z:Z,$AK16)="","",INDEX(LookupData!Z:Z,$AK16)))) | AA16: =IF($AK16="","",IF($AK16=0,"",IF(INDEX(LookupData!AA:AA,$AK16)="","",INDEX(LookupData!AA:AA,$AK16)))) | AB16: =IF($AK16="","",IF($AK16=0,"",IF(INDEX(LookupData!AB:AB,$AK16)="","",INDEX(LookupData!AB:AB,$AK16)))) | AC16: =IF($AK16="","",IF($AK16=0,"",IF(INDEX(LookupData!AC:AC,$AK16)="","",INDEX(LookupData!AC:AC,$AK16)))) | AD16: =IF($AK16="","",IF($AK16=0,"",IF(INDEX(LookupData!AD:AD,$AK16)="","",INDEX(LookupData!AD:AD,$AK16)))) | AE16: =IF($AK16="","",IF($AK16=0,"",IF(INDEX(LookupData!AE:AE,$AK16)="","",INDEX(LookupData!AE:AE,$AK16)))) | AF16: =IF($AK16="","",IF($AK16=0,"",IF(INDEX(LookupData!AF:AF,$AK16)="","",INDEX(LookupData!AF:AF,$AK16)))) | AG16: =IF($AK16="","",IF($AK16=0,"",IF(INDEX(LookupData!AG:AG,$AK16)="","",INDEX(LookupData!AG:AG,$AK16)))) | AH16: =IF($AK16="","",IF($AK16=0,"",IF(INDEX(LookupData!AH:AH,$AK16)="","",INDEX(LookupData!AH:AH,$AK16)))) | AI16: =IF($AK16="","",IF($AK16=0,"",IF(INDEX(LookupData!AI:AI,$AK16)="","",HYPERLINK(INDEX(LookupData!AI:AI,$AK16),"Open")))) | AK16: =IF(AL16="","",IFERROR(MATCH(AL16,LookupData!$A:$A,0),0)) | AL16: =IF(TRIM($A16)="","",UPPER(TRIM($A16))) | AM16: =IF(AL16="",AM15,IF(AM15="",AL16,AM15&"|"&AL16)) | AO16: =IF(MID($AN$1,3601,240)="","|",MID($AN$1,3601,240)) -> |
B17: =IF($AK17="","",IF($AK17=0,"not in the database",IF(INDEX(LookupData!B:B,$AK17)="","",INDEX(LookupData!B:B,$AK17)))) | C17: =IF($AK17="","",IF($AK17=0,"",IF(INDEX(LookupData!C:C,$AK17)="","",INDEX(LookupData!C:C,$AK17)))) | D17: =IF($AK17="","",IF($AK17=0,"",IF(INDEX(LookupData!D:D,$AK17)="","",INDEX(LookupData!D:D,$AK17)))) | E17: =IF($AK17="","",IF($AK17=0,"",IF(INDEX(LookupData!E:E,$AK17)="","",INDEX(LookupData!E:E,$AK17)))) | F17: =IF($AK17="","",IF($AK17=0,"",IF(INDEX(LookupData!F:F,$AK17)="","",INDEX(LookupData!F:F,$AK17)))) | G17: =IF($AK17="","",IF($AK17=0,"",IF(INDEX(LookupData!G:G,$AK17)="","",INDEX(LookupData!G:G,$AK17)))) | H17: =IF($AK17="","",IF($AK17=0,"",IF(INDEX(LookupData!H:H,$AK17)="","",INDEX(LookupData!H:H,$AK17)))) | I17: =IF($AK17="","",IF($AK17=0,"",IF(INDEX(LookupData!I:I,$AK17)="","",INDEX(LookupData!I:I,$AK17)))) | J17: =IF($AK17="","",IF($AK17=0,"",IF(INDEX(LookupData!J:J,$AK17)="","",INDEX(LookupData!J:J,$AK17)))) | K17: =IF($AK17="","",IF($AK17=0,"",IF(INDEX(LookupData!K:K,$AK17)="","",INDEX(LookupData!K:K,$AK17)))) | L17: =IF($AK17="","",IF($AK17=0,"",IF(INDEX(LookupData!L:L,$AK17)="","",INDEX(LookupData!L:L,$AK17)))) | M17: =IF($AK17="","",IF($AK17=0,"",IF(INDEX(LookupData!M:M,$AK17)="","",INDEX(LookupData!M:M,$AK17)))) | N17: =IF($AK17="","",IF($AK17=0,"",IF(INDEX(LookupData!N:N,$AK17)="","",INDEX(LookupData!N:N,$AK17)))) | O17: =IF($AK17="","",IF($AK17=0,"",IF(INDEX(LookupData!O:O,$AK17)="","",INDEX(LookupData!O:O,$AK17)))) | P17: =IF($AK17="","",IF($AK17=0,"",IF(INDEX(LookupData!P:P,$AK17)="","",INDEX(LookupData!P:P,$AK17)))) | Q17: =IF($AK17="","",IF($AK17=0,"",IF(INDEX(LookupData!Q:Q,$AK17)="","",INDEX(LookupData!Q:Q,$AK17)))) | R17: =IF($AK17="","",IF($AK17=0,"",IF(INDEX(LookupData!R:R,$AK17)="","",INDEX(LookupData!R:R,$AK17)))) | S17: =IF($AK17="","",IF($AK17=0,"",IF(INDEX(LookupData!S:S,$AK17)="","",INDEX(LookupData!S:S,$AK17)))) | T17: =IF($AK17="","",IF($AK17=0,"",IF(INDEX(LookupData!T:T,$AK17)="","",INDEX(LookupData!T:T,$AK17)))) | U17: =IF($AK17="","",IF($AK17=0,"",IF(INDEX(LookupData!U:U,$AK17)="","",INDEX(LookupData!U:U,$AK17)))) | V17: =IF($AK17="","",IF($AK17=0,"",IF(INDEX(LookupData!V:V,$AK17)="","",INDEX(LookupData!V:V,$AK17)))) | W17: =IF($AK17="","",IF($AK17=0,"",IF(INDEX(LookupData!W:W,$AK17)="","",INDEX(LookupData!W:W,$AK17)))) | X17: =IF($AK17="","",IF($AK17=0,"",IF(INDEX(LookupData!X:X,$AK17)="","",INDEX(LookupData!X:X,$AK17)))) | Y17: =IF($AK17="","",IF($AK17=0,"",IF(INDEX(LookupData!Y:Y,$AK17)="","",INDEX(LookupData!Y:Y,$AK17)))) | Z17: =IF($AK17="","",IF($AK17=0,"",IF(INDEX(LookupData!Z:Z,$AK17)="","",INDEX(LookupData!Z:Z,$AK17)))) | AA17: =IF($AK17="","",IF($AK17=0,"",IF(INDEX(LookupData!AA:AA,$AK17)="","",INDEX(LookupData!AA:AA,$AK17)))) | AB17: =IF($AK17="","",IF($AK17=0,"",IF(INDEX(LookupData!AB:AB,$AK17)="","",INDEX(LookupData!AB:AB,$AK17)))) | AC17: =IF($AK17="","",IF($AK17=0,"",IF(INDEX(LookupData!AC:AC,$AK17)="","",INDEX(LookupData!AC:AC,$AK17)))) | AD17: =IF($AK17="","",IF($AK17=0,"",IF(INDEX(LookupData!AD:AD,$AK17)="","",INDEX(LookupData!AD:AD,$AK17)))) | AE17: =IF($AK17="","",IF($AK17=0,"",IF(INDEX(LookupData!AE:AE,$AK17)="","",INDEX(LookupData!AE:AE,$AK17)))) | AF17: =IF($AK17="","",IF($AK17=0,"",IF(INDEX(LookupData!AF:AF,$AK17)="","",INDEX(LookupData!AF:AF,$AK17)))) | AG17: =IF($AK17="","",IF($AK17=0,"",IF(INDEX(LookupData!AG:AG,$AK17)="","",INDEX(LookupData!AG:AG,$AK17)))) | AH17: =IF($AK17="","",IF($AK17=0,"",IF(INDEX(LookupData!AH:AH,$AK17)="","",INDEX(LookupData!AH:AH,$AK17)))) | AI17: =IF($AK17="","",IF($AK17=0,"",IF(INDEX(LookupData!AI:AI,$AK17)="","",HYPERLINK(INDEX(LookupData!AI:AI,$AK17),"Open")))) | AK17: =IF(AL17="","",IFERROR(MATCH(AL17,LookupData!$A:$A,0),0)) | AL17: =IF(TRIM($A17)="","",UPPER(TRIM($A17))) | AM17: =IF(AL17="",AM16,IF(AM16="",AL17,AM16&"|"&AL17)) | AO17: =IF(MID($AN$1,3841,240)="","|",MID($AN$1,3841,240)) -> |
B18: =IF($AK18="","",IF($AK18=0,"not in the database",IF(INDEX(LookupData!B:B,$AK18)="","",INDEX(LookupData!B:B,$AK18)))) | C18: =IF($AK18="","",IF($AK18=0,"",IF(INDEX(LookupData!C:C,$AK18)="","",INDEX(LookupData!C:C,$AK18)))) | D18: =IF($AK18="","",IF($AK18=0,"",IF(INDEX(LookupData!D:D,$AK18)="","",INDEX(LookupData!D:D,$AK18)))) | E18: =IF($AK18="","",IF($AK18=0,"",IF(INDEX(LookupData!E:E,$AK18)="","",INDEX(LookupData!E:E,$AK18)))) | F18: =IF($AK18="","",IF($AK18=0,"",IF(INDEX(LookupData!F:F,$AK18)="","",INDEX(LookupData!F:F,$AK18)))) | G18: =IF($AK18="","",IF($AK18=0,"",IF(INDEX(LookupData!G:G,$AK18)="","",INDEX(LookupData!G:G,$AK18)))) | H18: =IF($AK18="","",IF($AK18=0,"",IF(INDEX(LookupData!H:H,$AK18)="","",INDEX(LookupData!H:H,$AK18)))) | I18: =IF($AK18="","",IF($AK18=0,"",IF(INDEX(LookupData!I:I,$AK18)="","",INDEX(LookupData!I:I,$AK18)))) | J18: =IF($AK18="","",IF($AK18=0,"",IF(INDEX(LookupData!J:J,$AK18)="","",INDEX(LookupData!J:J,$AK18)))) | K18: =IF($AK18="","",IF($AK18=0,"",IF(INDEX(LookupData!K:K,$AK18)="","",INDEX(LookupData!K:K,$AK18)))) | L18: =IF($AK18="","",IF($AK18=0,"",IF(INDEX(LookupData!L:L,$AK18)="","",INDEX(LookupData!L:L,$AK18)))) | M18: =IF($AK18="","",IF($AK18=0,"",IF(INDEX(LookupData!M:M,$AK18)="","",INDEX(LookupData!M:M,$AK18)))) | N18: =IF($AK18="","",IF($AK18=0,"",IF(INDEX(LookupData!N:N,$AK18)="","",INDEX(LookupData!N:N,$AK18)))) | O18: =IF($AK18="","",IF($AK18=0,"",IF(INDEX(LookupData!O:O,$AK18)="","",INDEX(LookupData!O:O,$AK18)))) | P18: =IF($AK18="","",IF($AK18=0,"",IF(INDEX(LookupData!P:P,$AK18)="","",INDEX(LookupData!P:P,$AK18)))) | Q18: =IF($AK18="","",IF($AK18=0,"",IF(INDEX(LookupData!Q:Q,$AK18)="","",INDEX(LookupData!Q:Q,$AK18)))) | R18: =IF($AK18="","",IF($AK18=0,"",IF(INDEX(LookupData!R:R,$AK18)="","",INDEX(LookupData!R:R,$AK18)))) | S18: =IF($AK18="","",IF($AK18=0,"",IF(INDEX(LookupData!S:S,$AK18)="","",INDEX(LookupData!S:S,$AK18)))) | T18: =IF($AK18="","",IF($AK18=0,"",IF(INDEX(LookupData!T:T,$AK18)="","",INDEX(LookupData!T:T,$AK18)))) | U18: =IF($AK18="","",IF($AK18=0,"",IF(INDEX(LookupData!U:U,$AK18)="","",INDEX(LookupData!U:U,$AK18)))) | V18: =IF($AK18="","",IF($AK18=0,"",IF(INDEX(LookupData!V:V,$AK18)="","",INDEX(LookupData!V:V,$AK18)))) | W18: =IF($AK18="","",IF($AK18=0,"",IF(INDEX(LookupData!W:W,$AK18)="","",INDEX(LookupData!W:W,$AK18)))) | X18: =IF($AK18="","",IF($AK18=0,"",IF(INDEX(LookupData!X:X,$AK18)="","",INDEX(LookupData!X:X,$AK18)))) | Y18: =IF($AK18="","",IF($AK18=0,"",IF(INDEX(LookupData!Y:Y,$AK18)="","",INDEX(LookupData!Y:Y,$AK18)))) | Z18: =IF($AK18="","",IF($AK18=0,"",IF(INDEX(LookupData!Z:Z,$AK18)="","",INDEX(LookupData!Z:Z,$AK18)))) | AA18: =IF($AK18="","",IF($AK18=0,"",IF(INDEX(LookupData!AA:AA,$AK18)="","",INDEX(LookupData!AA:AA,$AK18)))) | AB18: =IF($AK18="","",IF($AK18=0,"",IF(INDEX(LookupData!AB:AB,$AK18)="","",INDEX(LookupData!AB:AB,$AK18)))) | AC18: =IF($AK18="","",IF($AK18=0,"",IF(INDEX(LookupData!AC:AC,$AK18)="","",INDEX(LookupData!AC:AC,$AK18)))) | AD18: =IF($AK18="","",IF($AK18=0,"",IF(INDEX(LookupData!AD:AD,$AK18)="","",INDEX(LookupData!AD:AD,$AK18)))) | AE18: =IF($AK18="","",IF($AK18=0,"",IF(INDEX(LookupData!AE:AE,$AK18)="","",INDEX(LookupData!AE:AE,$AK18)))) | AF18: =IF($AK18="","",IF($AK18=0,"",IF(INDEX(LookupData!AF:AF,$AK18)="","",INDEX(LookupData!AF:AF,$AK18)))) | AG18: =IF($AK18="","",IF($AK18=0,"",IF(INDEX(LookupData!AG:AG,$AK18)="","",INDEX(LookupData!AG:AG,$AK18)))) | AH18: =IF($AK18="","",IF($AK18=0,"",IF(INDEX(LookupData!AH:AH,$AK18)="","",INDEX(LookupData!AH:AH,$AK18)))) | AI18: =IF($AK18="","",IF($AK18=0,"",IF(INDEX(LookupData!AI:AI,$AK18)="","",HYPERLINK(INDEX(LookupData!AI:AI,$AK18),"Open")))) | AK18: =IF(AL18="","",IFERROR(MATCH(AL18,LookupData!$A:$A,0),0)) | AL18: =IF(TRIM($A18)="","",UPPER(TRIM($A18))) | AM18: =IF(AL18="",AM17,IF(AM17="",AL18,AM17&"|"&AL18)) | AO18: =IF(MID($AN$1,4081,240)="","|",MID($AN$1,4081,240)) -> |
B19: =IF($AK19="","",IF($AK19=0,"not in the database",IF(INDEX(LookupData!B:B,$AK19)="","",INDEX(LookupData!B:B,$AK19)))) | C19: =IF($AK19="","",IF($AK19=0,"",IF(INDEX(LookupData!C:C,$AK19)="","",INDEX(LookupData!C:C,$AK19)))) | D19: =IF($AK19="","",IF($AK19=0,"",IF(INDEX(LookupData!D:D,$AK19)="","",INDEX(LookupData!D:D,$AK19)))) | E19: =IF($AK19="","",IF($AK19=0,"",IF(INDEX(LookupData!E:E,$AK19)="","",INDEX(LookupData!E:E,$AK19)))) | F19: =IF($AK19="","",IF($AK19=0,"",IF(INDEX(LookupData!F:F,$AK19)="","",INDEX(LookupData!F:F,$AK19)))) | G19: =IF($AK19="","",IF($AK19=0,"",IF(INDEX(LookupData!G:G,$AK19)="","",INDEX(LookupData!G:G,$AK19)))) | H19: =IF($AK19="","",IF($AK19=0,"",IF(INDEX(LookupData!H:H,$AK19)="","",INDEX(LookupData!H:H,$AK19)))) | I19: =IF($AK19="","",IF($AK19=0,"",IF(INDEX(LookupData!I:I,$AK19)="","",INDEX(LookupData!I:I,$AK19)))) | J19: =IF($AK19="","",IF($AK19=0,"",IF(INDEX(LookupData!J:J,$AK19)="","",INDEX(LookupData!J:J,$AK19)))) | K19: =IF($AK19="","",IF($AK19=0,"",IF(INDEX(LookupData!K:K,$AK19)="","",INDEX(LookupData!K:K,$AK19)))) | L19: =IF($AK19="","",IF($AK19=0,"",IF(INDEX(LookupData!L:L,$AK19)="","",INDEX(LookupData!L:L,$AK19)))) | M19: =IF($AK19="","",IF($AK19=0,"",IF(INDEX(LookupData!M:M,$AK19)="","",INDEX(LookupData!M:M,$AK19)))) | N19: =IF($AK19="","",IF($AK19=0,"",IF(INDEX(LookupData!N:N,$AK19)="","",INDEX(LookupData!N:N,$AK19)))) | O19: =IF($AK19="","",IF($AK19=0,"",IF(INDEX(LookupData!O:O,$AK19)="","",INDEX(LookupData!O:O,$AK19)))) | P19: =IF($AK19="","",IF($AK19=0,"",IF(INDEX(LookupData!P:P,$AK19)="","",INDEX(LookupData!P:P,$AK19)))) | Q19: =IF($AK19="","",IF($AK19=0,"",IF(INDEX(LookupData!Q:Q,$AK19)="","",INDEX(LookupData!Q:Q,$AK19)))) | R19: =IF($AK19="","",IF($AK19=0,"",IF(INDEX(LookupData!R:R,$AK19)="","",INDEX(LookupData!R:R,$AK19)))) | S19: =IF($AK19="","",IF($AK19=0,"",IF(INDEX(LookupData!S:S,$AK19)="","",INDEX(LookupData!S:S,$AK19)))) | T19: =IF($AK19="","",IF($AK19=0,"",IF(INDEX(LookupData!T:T,$AK19)="","",INDEX(LookupData!T:T,$AK19)))) | U19: =IF($AK19="","",IF($AK19=0,"",IF(INDEX(LookupData!U:U,$AK19)="","",INDEX(LookupData!U:U,$AK19)))) | V19: =IF($AK19="","",IF($AK19=0,"",IF(INDEX(LookupData!V:V,$AK19)="","",INDEX(LookupData!V:V,$AK19)))) | W19: =IF($AK19="","",IF($AK19=0,"",IF(INDEX(LookupData!W:W,$AK19)="","",INDEX(LookupData!W:W,$AK19)))) | X19: =IF($AK19="","",IF($AK19=0,"",IF(INDEX(LookupData!X:X,$AK19)="","",INDEX(LookupData!X:X,$AK19)))) | Y19: =IF($AK19="","",IF($AK19=0,"",IF(INDEX(LookupData!Y:Y,$AK19)="","",INDEX(LookupData!Y:Y,$AK19)))) | Z19: =IF($AK19="","",IF($AK19=0,"",IF(INDEX(LookupData!Z:Z,$AK19)="","",INDEX(LookupData!Z:Z,$AK19)))) | AA19: =IF($AK19="","",IF($AK19=0,"",IF(INDEX(LookupData!AA:AA,$AK19)="","",INDEX(LookupData!AA:AA,$AK19)))) | AB19: =IF($AK19="","",IF($AK19=0,"",IF(INDEX(LookupData!AB:AB,$AK19)="","",INDEX(LookupData!AB:AB,$AK19)))) | AC19: =IF($AK19="","",IF($AK19=0,"",IF(INDEX(LookupData!AC:AC,$AK19)="","",INDEX(LookupData!AC:AC,$AK19)))) | AD19: =IF($AK19="","",IF($AK19=0,"",IF(INDEX(LookupData!AD:AD,$AK19)="","",INDEX(LookupData!AD:AD,$AK19)))) | AE19: =IF($AK19="","",IF($AK19=0,"",IF(INDEX(LookupData!AE:AE,$AK19)="","",INDEX(LookupData!AE:AE,$AK19)))) | AF19: =IF($AK19="","",IF($AK19=0,"",IF(INDEX(LookupData!AF:AF,$AK19)="","",INDEX(LookupData!AF:AF,$AK19)))) | AG19: =IF($AK19="","",IF($AK19=0,"",IF(INDEX(LookupData!AG:AG,$AK19)="","",INDEX(LookupData!AG:AG,$AK19)))) | AH19: =IF($AK19="","",IF($AK19=0,"",IF(INDEX(LookupData!AH:AH,$AK19)="","",INDEX(LookupData!AH:AH,$AK19)))) | AI19: =IF($AK19="","",IF($AK19=0,"",IF(INDEX(LookupData!AI:AI,$AK19)="","",HYPERLINK(INDEX(LookupData!AI:AI,$AK19),"Open")))) | AK19: =IF(AL19="","",IFERROR(MATCH(AL19,LookupData!$A:$A,0),0)) | AL19: =IF(TRIM($A19)="","",UPPER(TRIM($A19))) | AM19: =IF(AL19="",AM18,IF(AM18="",AL19,AM18&"|"&AL19)) | AO19: =IF(MID($AN$1,4321,240)="","|",MID($AN$1,4321,240)) -> |
B20: =IF($AK20="","",IF($AK20=0,"not in the database",IF(INDEX(LookupData!B:B,$AK20)="","",INDEX(LookupData!B:B,$AK20)))) | C20: =IF($AK20="","",IF($AK20=0,"",IF(INDEX(LookupData!C:C,$AK20)="","",INDEX(LookupData!C:C,$AK20)))) | D20: =IF($AK20="","",IF($AK20=0,"",IF(INDEX(LookupData!D:D,$AK20)="","",INDEX(LookupData!D:D,$AK20)))) | E20: =IF($AK20="","",IF($AK20=0,"",IF(INDEX(LookupData!E:E,$AK20)="","",INDEX(LookupData!E:E,$AK20)))) | F20: =IF($AK20="","",IF($AK20=0,"",IF(INDEX(LookupData!F:F,$AK20)="","",INDEX(LookupData!F:F,$AK20)))) | G20: =IF($AK20="","",IF($AK20=0,"",IF(INDEX(LookupData!G:G,$AK20)="","",INDEX(LookupData!G:G,$AK20)))) | H20: =IF($AK20="","",IF($AK20=0,"",IF(INDEX(LookupData!H:H,$AK20)="","",INDEX(LookupData!H:H,$AK20)))) | I20: =IF($AK20="","",IF($AK20=0,"",IF(INDEX(LookupData!I:I,$AK20)="","",INDEX(LookupData!I:I,$AK20)))) | J20: =IF($AK20="","",IF($AK20=0,"",IF(INDEX(LookupData!J:J,$AK20)="","",INDEX(LookupData!J:J,$AK20)))) | K20: =IF($AK20="","",IF($AK20=0,"",IF(INDEX(LookupData!K:K,$AK20)="","",INDEX(LookupData!K:K,$AK20)))) | L20: =IF($AK20="","",IF($AK20=0,"",IF(INDEX(LookupData!L:L,$AK20)="","",INDEX(LookupData!L:L,$AK20)))) | M20: =IF($AK20="","",IF($AK20=0,"",IF(INDEX(LookupData!M:M,$AK20)="","",INDEX(LookupData!M:M,$AK20)))) | N20: =IF($AK20="","",IF($AK20=0,"",IF(INDEX(LookupData!N:N,$AK20)="","",INDEX(LookupData!N:N,$AK20)))) | O20: =IF($AK20="","",IF($AK20=0,"",IF(INDEX(LookupData!O:O,$AK20)="","",INDEX(LookupData!O:O,$AK20)))) | P20: =IF($AK20="","",IF($AK20=0,"",IF(INDEX(LookupData!P:P,$AK20)="","",INDEX(LookupData!P:P,$AK20)))) | Q20: =IF($AK20="","",IF($AK20=0,"",IF(INDEX(LookupData!Q:Q,$AK20)="","",INDEX(LookupData!Q:Q,$AK20)))) | R20: =IF($AK20="","",IF($AK20=0,"",IF(INDEX(LookupData!R:R,$AK20)="","",INDEX(LookupData!R:R,$AK20)))) | S20: =IF($AK20="","",IF($AK20=0,"",IF(INDEX(LookupData!S:S,$AK20)="","",INDEX(LookupData!S:S,$AK20)))) | T20: =IF($AK20="","",IF($AK20=0,"",IF(INDEX(LookupData!T:T,$AK20)="","",INDEX(LookupData!T:T,$AK20)))) | U20: =IF($AK20="","",IF($AK20=0,"",IF(INDEX(LookupData!U:U,$AK20)="","",INDEX(LookupData!U:U,$AK20)))) | V20: =IF($AK20="","",IF($AK20=0,"",IF(INDEX(LookupData!V:V,$AK20)="","",INDEX(LookupData!V:V,$AK20)))) | W20: =IF($AK20="","",IF($AK20=0,"",IF(INDEX(LookupData!W:W,$AK20)="","",INDEX(LookupData!W:W,$AK20)))) | X20: =IF($AK20="","",IF($AK20=0,"",IF(INDEX(LookupData!X:X,$AK20)="","",INDEX(LookupData!X:X,$AK20)))) | Y20: =IF($AK20="","",IF($AK20=0,"",IF(INDEX(LookupData!Y:Y,$AK20)="","",INDEX(LookupData!Y:Y,$AK20)))) | Z20: =IF($AK20="","",IF($AK20=0,"",IF(INDEX(LookupData!Z:Z,$AK20)="","",INDEX(LookupData!Z:Z,$AK20)))) | AA20: =IF($AK20="","",IF($AK20=0,"",IF(INDEX(LookupData!AA:AA,$AK20)="","",INDEX(LookupData!AA:AA,$AK20)))) | AB20: =IF($AK20="","",IF($AK20=0,"",IF(INDEX(LookupData!AB:AB,$AK20)="","",INDEX(LookupData!AB:AB,$AK20)))) | AC20: =IF($AK20="","",IF($AK20=0,"",IF(INDEX(LookupData!AC:AC,$AK20)="","",INDEX(LookupData!AC:AC,$AK20)))) | AD20: =IF($AK20="","",IF($AK20=0,"",IF(INDEX(LookupData!AD:AD,$AK20)="","",INDEX(LookupData!AD:AD,$AK20)))) | AE20: =IF($AK20="","",IF($AK20=0,"",IF(INDEX(LookupData!AE:AE,$AK20)="","",INDEX(LookupData!AE:AE,$AK20)))) | AF20: =IF($AK20="","",IF($AK20=0,"",IF(INDEX(LookupData!AF:AF,$AK20)="","",INDEX(LookupData!AF:AF,$AK20)))) | AG20: =IF($AK20="","",IF($AK20=0,"",IF(INDEX(LookupData!AG:AG,$AK20)="","",INDEX(LookupData!AG:AG,$AK20)))) | AH20: =IF($AK20="","",IF($AK20=0,"",IF(INDEX(LookupData!AH:AH,$AK20)="","",INDEX(LookupData!AH:AH,$AK20)))) | AI20: =IF($AK20="","",IF($AK20=0,"",IF(INDEX(LookupData!AI:AI,$AK20)="","",HYPERLINK(INDEX(LookupData!AI:AI,$AK20),"Open")))) | AK20: =IF(AL20="","",IFERROR(MATCH(AL20,LookupData!$A:$A,0),0)) | AL20: =IF(TRIM($A20)="","",UPPER(TRIM($A20))) | AM20: =IF(AL20="",AM19,IF(AM19="",AL20,AM19&"|"&AL20)) | AO20: =IF(MID($AN$1,4561,240)="","|",MID($AN$1,4561,240)) -> |
B21: =IF($AK21="","",IF($AK21=0,"not in the database",IF(INDEX(LookupData!B:B,$AK21)="","",INDEX(LookupData!B:B,$AK21)))) | C21: =IF($AK21="","",IF($AK21=0,"",IF(INDEX(LookupData!C:C,$AK21)="","",INDEX(LookupData!C:C,$AK21)))) | D21: =IF($AK21="","",IF($AK21=0,"",IF(INDEX(LookupData!D:D,$AK21)="","",INDEX(LookupData!D:D,$AK21)))) | E21: =IF($AK21="","",IF($AK21=0,"",IF(INDEX(LookupData!E:E,$AK21)="","",INDEX(LookupData!E:E,$AK21)))) | F21: =IF($AK21="","",IF($AK21=0,"",IF(INDEX(LookupData!F:F,$AK21)="","",INDEX(LookupData!F:F,$AK21)))) | G21: =IF($AK21="","",IF($AK21=0,"",IF(INDEX(LookupData!G:G,$AK21)="","",INDEX(LookupData!G:G,$AK21)))) | H21: =IF($AK21="","",IF($AK21=0,"",IF(INDEX(LookupData!H:H,$AK21)="","",INDEX(LookupData!H:H,$AK21)))) | I21: =IF($AK21="","",IF($AK21=0,"",IF(INDEX(LookupData!I:I,$AK21)="","",INDEX(LookupData!I:I,$AK21)))) | J21: =IF($AK21="","",IF($AK21=0,"",IF(INDEX(LookupData!J:J,$AK21)="","",INDEX(LookupData!J:J,$AK21)))) | K21: =IF($AK21="","",IF($AK21=0,"",IF(INDEX(LookupData!K:K,$AK21)="","",INDEX(LookupData!K:K,$AK21)))) | L21: =IF($AK21="","",IF($AK21=0,"",IF(INDEX(LookupData!L:L,$AK21)="","",INDEX(LookupData!L:L,$AK21)))) | M21: =IF($AK21="","",IF($AK21=0,"",IF(INDEX(LookupData!M:M,$AK21)="","",INDEX(LookupData!M:M,$AK21)))) | N21: =IF($AK21="","",IF($AK21=0,"",IF(INDEX(LookupData!N:N,$AK21)="","",INDEX(LookupData!N:N,$AK21)))) | O21: =IF($AK21="","",IF($AK21=0,"",IF(INDEX(LookupData!O:O,$AK21)="","",INDEX(LookupData!O:O,$AK21)))) | P21: =IF($AK21="","",IF($AK21=0,"",IF(INDEX(LookupData!P:P,$AK21)="","",INDEX(LookupData!P:P,$AK21)))) | Q21: =IF($AK21="","",IF($AK21=0,"",IF(INDEX(LookupData!Q:Q,$AK21)="","",INDEX(LookupData!Q:Q,$AK21)))) | R21: =IF($AK21="","",IF($AK21=0,"",IF(INDEX(LookupData!R:R,$AK21)="","",INDEX(LookupData!R:R,$AK21)))) | S21: =IF($AK21="","",IF($AK21=0,"",IF(INDEX(LookupData!S:S,$AK21)="","",INDEX(LookupData!S:S,$AK21)))) | T21: =IF($AK21="","",IF($AK21=0,"",IF(INDEX(LookupData!T:T,$AK21)="","",INDEX(LookupData!T:T,$AK21)))) | U21: =IF($AK21="","",IF($AK21=0,"",IF(INDEX(LookupData!U:U,$AK21)="","",INDEX(LookupData!U:U,$AK21)))) | V21: =IF($AK21="","",IF($AK21=0,"",IF(INDEX(LookupData!V:V,$AK21)="","",INDEX(LookupData!V:V,$AK21)))) | W21: =IF($AK21="","",IF($AK21=0,"",IF(INDEX(LookupData!W:W,$AK21)="","",INDEX(LookupData!W:W,$AK21)))) | X21: =IF($AK21="","",IF($AK21=0,"",IF(INDEX(LookupData!X:X,$AK21)="","",INDEX(LookupData!X:X,$AK21)))) | Y21: =IF($AK21="","",IF($AK21=0,"",IF(INDEX(LookupData!Y:Y,$AK21)="","",INDEX(LookupData!Y:Y,$AK21)))) | Z21: =IF($AK21="","",IF($AK21=0,"",IF(INDEX(LookupData!Z:Z,$AK21)="","",INDEX(LookupData!Z:Z,$AK21)))) | AA21: =IF($AK21="","",IF($AK21=0,"",IF(INDEX(LookupData!AA:AA,$AK21)="","",INDEX(LookupData!AA:AA,$AK21)))) | AB21: =IF($AK21="","",IF($AK21=0,"",IF(INDEX(LookupData!AB:AB,$AK21)="","",INDEX(LookupData!AB:AB,$AK21)))) | AC21: =IF($AK21="","",IF($AK21=0,"",IF(INDEX(LookupData!AC:AC,$AK21)="","",INDEX(LookupData!AC:AC,$AK21)))) | AD21: =IF($AK21="","",IF($AK21=0,"",IF(INDEX(LookupData!AD:AD,$AK21)="","",INDEX(LookupData!AD:AD,$AK21)))) | AE21: =IF($AK21="","",IF($AK21=0,"",IF(INDEX(LookupData!AE:AE,$AK21)="","",INDEX(LookupData!AE:AE,$AK21)))) | AF21: =IF($AK21="","",IF($AK21=0,"",IF(INDEX(LookupData!AF:AF,$AK21)="","",INDEX(LookupData!AF:AF,$AK21)))) | AG21: =IF($AK21="","",IF($AK21=0,"",IF(INDEX(LookupData!AG:AG,$AK21)="","",INDEX(LookupData!AG:AG,$AK21)))) | AH21: =IF($AK21="","",IF($AK21=0,"",IF(INDEX(LookupData!AH:AH,$AK21)="","",INDEX(LookupData!AH:AH,$AK21)))) | AI21: =IF($AK21="","",IF($AK21=0,"",IF(INDEX(LookupData!AI:AI,$AK21)="","",HYPERLINK(INDEX(LookupData!AI:AI,$AK21),"Open")))) | AK21: =IF(AL21="","",IFERROR(MATCH(AL21,LookupData!$A:$A,0),0)) | AL21: =IF(TRIM($A21)="","",UPPER(TRIM($A21))) | AM21: =IF(AL21="",AM20,IF(AM20="",AL21,AM20&"|"&AL21)) | AO21: =IF(MID($AN$1,4801,240)="","|",MID($AN$1,4801,240)) -> |
B22: =IF($AK22="","",IF($AK22=0,"not in the database",IF(INDEX(LookupData!B:B,$AK22)="","",INDEX(LookupData!B:B,$AK22)))) | C22: =IF($AK22="","",IF($AK22=0,"",IF(INDEX(LookupData!C:C,$AK22)="","",INDEX(LookupData!C:C,$AK22)))) | D22: =IF($AK22="","",IF($AK22=0,"",IF(INDEX(LookupData!D:D,$AK22)="","",INDEX(LookupData!D:D,$AK22)))) | E22: =IF($AK22="","",IF($AK22=0,"",IF(INDEX(LookupData!E:E,$AK22)="","",INDEX(LookupData!E:E,$AK22)))) | F22: =IF($AK22="","",IF($AK22=0,"",IF(INDEX(LookupData!F:F,$AK22)="","",INDEX(LookupData!F:F,$AK22)))) | G22: =IF($AK22="","",IF($AK22=0,"",IF(INDEX(LookupData!G:G,$AK22)="","",INDEX(LookupData!G:G,$AK22)))) | H22: =IF($AK22="","",IF($AK22=0,"",IF(INDEX(LookupData!H:H,$AK22)="","",INDEX(LookupData!H:H,$AK22)))) | I22: =IF($AK22="","",IF($AK22=0,"",IF(INDEX(LookupData!I:I,$AK22)="","",INDEX(LookupData!I:I,$AK22)))) | J22: =IF($AK22="","",IF($AK22=0,"",IF(INDEX(LookupData!J:J,$AK22)="","",INDEX(LookupData!J:J,$AK22)))) | K22: =IF($AK22="","",IF($AK22=0,"",IF(INDEX(LookupData!K:K,$AK22)="","",INDEX(LookupData!K:K,$AK22)))) | L22: =IF($AK22="","",IF($AK22=0,"",IF(INDEX(LookupData!L:L,$AK22)="","",INDEX(LookupData!L:L,$AK22)))) | M22: =IF($AK22="","",IF($AK22=0,"",IF(INDEX(LookupData!M:M,$AK22)="","",INDEX(LookupData!M:M,$AK22)))) | N22: =IF($AK22="","",IF($AK22=0,"",IF(INDEX(LookupData!N:N,$AK22)="","",INDEX(LookupData!N:N,$AK22)))) | O22: =IF($AK22="","",IF($AK22=0,"",IF(INDEX(LookupData!O:O,$AK22)="","",INDEX(LookupData!O:O,$AK22)))) | P22: =IF($AK22="","",IF($AK22=0,"",IF(INDEX(LookupData!P:P,$AK22)="","",INDEX(LookupData!P:P,$AK22)))) | Q22: =IF($AK22="","",IF($AK22=0,"",IF(INDEX(LookupData!Q:Q,$AK22)="","",INDEX(LookupData!Q:Q,$AK22)))) | R22: =IF($AK22="","",IF($AK22=0,"",IF(INDEX(LookupData!R:R,$AK22)="","",INDEX(LookupData!R:R,$AK22)))) | S22: =IF($AK22="","",IF($AK22=0,"",IF(INDEX(LookupData!S:S,$AK22)="","",INDEX(LookupData!S:S,$AK22)))) | T22: =IF($AK22="","",IF($AK22=0,"",IF(INDEX(LookupData!T:T,$AK22)="","",INDEX(LookupData!T:T,$AK22)))) | U22: =IF($AK22="","",IF($AK22=0,"",IF(INDEX(LookupData!U:U,$AK22)="","",INDEX(LookupData!U:U,$AK22)))) | V22: =IF($AK22="","",IF($AK22=0,"",IF(INDEX(LookupData!V:V,$AK22)="","",INDEX(LookupData!V:V,$AK22)))) | W22: =IF($AK22="","",IF($AK22=0,"",IF(INDEX(LookupData!W:W,$AK22)="","",INDEX(LookupData!W:W,$AK22)))) | X22: =IF($AK22="","",IF($AK22=0,"",IF(INDEX(LookupData!X:X,$AK22)="","",INDEX(LookupData!X:X,$AK22)))) | Y22: =IF($AK22="","",IF($AK22=0,"",IF(INDEX(LookupData!Y:Y,$AK22)="","",INDEX(LookupData!Y:Y,$AK22)))) | Z22: =IF($AK22="","",IF($AK22=0,"",IF(INDEX(LookupData!Z:Z,$AK22)="","",INDEX(LookupData!Z:Z,$AK22)))) | AA22: =IF($AK22="","",IF($AK22=0,"",IF(INDEX(LookupData!AA:AA,$AK22)="","",INDEX(LookupData!AA:AA,$AK22)))) | AB22: =IF($AK22="","",IF($AK22=0,"",IF(INDEX(LookupData!AB:AB,$AK22)="","",INDEX(LookupData!AB:AB,$AK22)))) | AC22: =IF($AK22="","",IF($AK22=0,"",IF(INDEX(LookupData!AC:AC,$AK22)="","",INDEX(LookupData!AC:AC,$AK22)))) | AD22: =IF($AK22="","",IF($AK22=0,"",IF(INDEX(LookupData!AD:AD,$AK22)="","",INDEX(LookupData!AD:AD,$AK22)))) | AE22: =IF($AK22="","",IF($AK22=0,"",IF(INDEX(LookupData!AE:AE,$AK22)="","",INDEX(LookupData!AE:AE,$AK22)))) | AF22: =IF($AK22="","",IF($AK22=0,"",IF(INDEX(LookupData!AF:AF,$AK22)="","",INDEX(LookupData!AF:AF,$AK22)))) | AG22: =IF($AK22="","",IF($AK22=0,"",IF(INDEX(LookupData!AG:AG,$AK22)="","",INDEX(LookupData!AG:AG,$AK22)))) | AH22: =IF($AK22="","",IF($AK22=0,"",IF(INDEX(LookupData!AH:AH,$AK22)="","",INDEX(LookupData!AH:AH,$AK22)))) | AI22: =IF($AK22="","",IF($AK22=0,"",IF(INDEX(LookupData!AI:AI,$AK22)="","",HYPERLINK(INDEX(LookupData!AI:AI,$AK22),"Open")))) | AK22: =IF(AL22="","",IFERROR(MATCH(AL22,LookupData!$A:$A,0),0)) | AL22: =IF(TRIM($A22)="","",UPPER(TRIM($A22))) | AM22: =IF(AL22="",AM21,IF(AM21="",AL22,AM21&"|"&AL22)) | AO22: =IF(MID($AN$1,5041,240)="","|",MID($AN$1,5041,240)) -> |
B23: =IF($AK23="","",IF($AK23=0,"not in the database",IF(INDEX(LookupData!B:B,$AK23)="","",INDEX(LookupData!B:B,$AK23)))) | C23: =IF($AK23="","",IF($AK23=0,"",IF(INDEX(LookupData!C:C,$AK23)="","",INDEX(LookupData!C:C,$AK23)))) | D23: =IF($AK23="","",IF($AK23=0,"",IF(INDEX(LookupData!D:D,$AK23)="","",INDEX(LookupData!D:D,$AK23)))) | E23: =IF($AK23="","",IF($AK23=0,"",IF(INDEX(LookupData!E:E,$AK23)="","",INDEX(LookupData!E:E,$AK23)))) | F23: =IF($AK23="","",IF($AK23=0,"",IF(INDEX(LookupData!F:F,$AK23)="","",INDEX(LookupData!F:F,$AK23)))) | G23: =IF($AK23="","",IF($AK23=0,"",IF(INDEX(LookupData!G:G,$AK23)="","",INDEX(LookupData!G:G,$AK23)))) | H23: =IF($AK23="","",IF($AK23=0,"",IF(INDEX(LookupData!H:H,$AK23)="","",INDEX(LookupData!H:H,$AK23)))) | I23: =IF($AK23="","",IF($AK23=0,"",IF(INDEX(LookupData!I:I,$AK23)="","",INDEX(LookupData!I:I,$AK23)))) | J23: =IF($AK23="","",IF($AK23=0,"",IF(INDEX(LookupData!J:J,$AK23)="","",INDEX(LookupData!J:J,$AK23)))) | K23: =IF($AK23="","",IF($AK23=0,"",IF(INDEX(LookupData!K:K,$AK23)="","",INDEX(LookupData!K:K,$AK23)))) | L23: =IF($AK23="","",IF($AK23=0,"",IF(INDEX(LookupData!L:L,$AK23)="","",INDEX(LookupData!L:L,$AK23)))) | M23: =IF($AK23="","",IF($AK23=0,"",IF(INDEX(LookupData!M:M,$AK23)="","",INDEX(LookupData!M:M,$AK23)))) | N23: =IF($AK23="","",IF($AK23=0,"",IF(INDEX(LookupData!N:N,$AK23)="","",INDEX(LookupData!N:N,$AK23)))) | O23: =IF($AK23="","",IF($AK23=0,"",IF(INDEX(LookupData!O:O,$AK23)="","",INDEX(LookupData!O:O,$AK23)))) | P23: =IF($AK23="","",IF($AK23=0,"",IF(INDEX(LookupData!P:P,$AK23)="","",INDEX(LookupData!P:P,$AK23)))) | Q23: =IF($AK23="","",IF($AK23=0,"",IF(INDEX(LookupData!Q:Q,$AK23)="","",INDEX(LookupData!Q:Q,$AK23)))) | R23: =IF($AK23="","",IF($AK23=0,"",IF(INDEX(LookupData!R:R,$AK23)="","",INDEX(LookupData!R:R,$AK23)))) | S23: =IF($AK23="","",IF($AK23=0,"",IF(INDEX(LookupData!S:S,$AK23)="","",INDEX(LookupData!S:S,$AK23)))) | T23: =IF($AK23="","",IF($AK23=0,"",IF(INDEX(LookupData!T:T,$AK23)="","",INDEX(LookupData!T:T,$AK23)))) | U23: =IF($AK23="","",IF($AK23=0,"",IF(INDEX(LookupData!U:U,$AK23)="","",INDEX(LookupData!U:U,$AK23)))) | V23: =IF($AK23="","",IF($AK23=0,"",IF(INDEX(LookupData!V:V,$AK23)="","",INDEX(LookupData!V:V,$AK23)))) | W23: =IF($AK23="","",IF($AK23=0,"",IF(INDEX(LookupData!W:W,$AK23)="","",INDEX(LookupData!W:W,$AK23)))) | X23: =IF($AK23="","",IF($AK23=0,"",IF(INDEX(LookupData!X:X,$AK23)="","",INDEX(LookupData!X:X,$AK23)))) | Y23: =IF($AK23="","",IF($AK23=0,"",IF(INDEX(LookupData!Y:Y,$AK23)="","",INDEX(LookupData!Y:Y,$AK23)))) | Z23: =IF($AK23="","",IF($AK23=0,"",IF(INDEX(LookupData!Z:Z,$AK23)="","",INDEX(LookupData!Z:Z,$AK23)))) | AA23: =IF($AK23="","",IF($AK23=0,"",IF(INDEX(LookupData!AA:AA,$AK23)="","",INDEX(LookupData!AA:AA,$AK23)))) | AB23: =IF($AK23="","",IF($AK23=0,"",IF(INDEX(LookupData!AB:AB,$AK23)="","",INDEX(LookupData!AB:AB,$AK23)))) | AC23: =IF($AK23="","",IF($AK23=0,"",IF(INDEX(LookupData!AC:AC,$AK23)="","",INDEX(LookupData!AC:AC,$AK23)))) | AD23: =IF($AK23="","",IF($AK23=0,"",IF(INDEX(LookupData!AD:AD,$AK23)="","",INDEX(LookupData!AD:AD,$AK23)))) | AE23: =IF($AK23="","",IF($AK23=0,"",IF(INDEX(LookupData!AE:AE,$AK23)="","",INDEX(LookupData!AE:AE,$AK23)))) | AF23: =IF($AK23="","",IF($AK23=0,"",IF(INDEX(LookupData!AF:AF,$AK23)="","",INDEX(LookupData!AF:AF,$AK23)))) | AG23: =IF($AK23="","",IF($AK23=0,"",IF(INDEX(LookupData!AG:AG,$AK23)="","",INDEX(LookupData!AG:AG,$AK23)))) | AH23: =IF($AK23="","",IF($AK23=0,"",IF(INDEX(LookupData!AH:AH,$AK23)="","",INDEX(LookupData!AH:AH,$AK23)))) | AI23: =IF($AK23="","",IF($AK23=0,"",IF(INDEX(LookupData!AI:AI,$AK23)="","",HYPERLINK(INDEX(LookupData!AI:AI,$AK23),"Open")))) | AK23: =IF(AL23="","",IFERROR(MATCH(AL23,LookupData!$A:$A,0),0)) | AL23: =IF(TRIM($A23)="","",UPPER(TRIM($A23))) | AM23: =IF(AL23="",AM22,IF(AM22="",AL23,AM22&"|"&AL23)) | AO23: =IF(MID($AN$1,5281,240)="","|",MID($AN$1,5281,240)) -> |
B24: =IF($AK24="","",IF($AK24=0,"not in the database",IF(INDEX(LookupData!B:B,$AK24)="","",INDEX(LookupData!B:B,$AK24)))) | C24: =IF($AK24="","",IF($AK24=0,"",IF(INDEX(LookupData!C:C,$AK24)="","",INDEX(LookupData!C:C,$AK24)))) | D24: =IF($AK24="","",IF($AK24=0,"",IF(INDEX(LookupData!D:D,$AK24)="","",INDEX(LookupData!D:D,$AK24)))) | E24: =IF($AK24="","",IF($AK24=0,"",IF(INDEX(LookupData!E:E,$AK24)="","",INDEX(LookupData!E:E,$AK24)))) | F24: =IF($AK24="","",IF($AK24=0,"",IF(INDEX(LookupData!F:F,$AK24)="","",INDEX(LookupData!F:F,$AK24)))) | G24: =IF($AK24="","",IF($AK24=0,"",IF(INDEX(LookupData!G:G,$AK24)="","",INDEX(LookupData!G:G,$AK24)))) | H24: =IF($AK24="","",IF($AK24=0,"",IF(INDEX(LookupData!H:H,$AK24)="","",INDEX(LookupData!H:H,$AK24)))) | I24: =IF($AK24="","",IF($AK24=0,"",IF(INDEX(LookupData!I:I,$AK24)="","",INDEX(LookupData!I:I,$AK24)))) | J24: =IF($AK24="","",IF($AK24=0,"",IF(INDEX(LookupData!J:J,$AK24)="","",INDEX(LookupData!J:J,$AK24)))) | K24: =IF($AK24="","",IF($AK24=0,"",IF(INDEX(LookupData!K:K,$AK24)="","",INDEX(LookupData!K:K,$AK24)))) | L24: =IF($AK24="","",IF($AK24=0,"",IF(INDEX(LookupData!L:L,$AK24)="","",INDEX(LookupData!L:L,$AK24)))) | M24: =IF($AK24="","",IF($AK24=0,"",IF(INDEX(LookupData!M:M,$AK24)="","",INDEX(LookupData!M:M,$AK24)))) | N24: =IF($AK24="","",IF($AK24=0,"",IF(INDEX(LookupData!N:N,$AK24)="","",INDEX(LookupData!N:N,$AK24)))) | O24: =IF($AK24="","",IF($AK24=0,"",IF(INDEX(LookupData!O:O,$AK24)="","",INDEX(LookupData!O:O,$AK24)))) | P24: =IF($AK24="","",IF($AK24=0,"",IF(INDEX(LookupData!P:P,$AK24)="","",INDEX(LookupData!P:P,$AK24)))) | Q24: =IF($AK24="","",IF($AK24=0,"",IF(INDEX(LookupData!Q:Q,$AK24)="","",INDEX(LookupData!Q:Q,$AK24)))) | R24: =IF($AK24="","",IF($AK24=0,"",IF(INDEX(LookupData!R:R,$AK24)="","",INDEX(LookupData!R:R,$AK24)))) | S24: =IF($AK24="","",IF($AK24=0,"",IF(INDEX(LookupData!S:S,$AK24)="","",INDEX(LookupData!S:S,$AK24)))) | T24: =IF($AK24="","",IF($AK24=0,"",IF(INDEX(LookupData!T:T,$AK24)="","",INDEX(LookupData!T:T,$AK24)))) | U24: =IF($AK24="","",IF($AK24=0,"",IF(INDEX(LookupData!U:U,$AK24)="","",INDEX(LookupData!U:U,$AK24)))) | V24: =IF($AK24="","",IF($AK24=0,"",IF(INDEX(LookupData!V:V,$AK24)="","",INDEX(LookupData!V:V,$AK24)))) | W24: =IF($AK24="","",IF($AK24=0,"",IF(INDEX(LookupData!W:W,$AK24)="","",INDEX(LookupData!W:W,$AK24)))) | X24: =IF($AK24="","",IF($AK24=0,"",IF(INDEX(LookupData!X:X,$AK24)="","",INDEX(LookupData!X:X,$AK24)))) | Y24: =IF($AK24="","",IF($AK24=0,"",IF(INDEX(LookupData!Y:Y,$AK24)="","",INDEX(LookupData!Y:Y,$AK24)))) | Z24: =IF($AK24="","",IF($AK24=0,"",IF(INDEX(LookupData!Z:Z,$AK24)="","",INDEX(LookupData!Z:Z,$AK24)))) | AA24: =IF($AK24="","",IF($AK24=0,"",IF(INDEX(LookupData!AA:AA,$AK24)="","",INDEX(LookupData!AA:AA,$AK24)))) | AB24: =IF($AK24="","",IF($AK24=0,"",IF(INDEX(LookupData!AB:AB,$AK24)="","",INDEX(LookupData!AB:AB,$AK24)))) | AC24: =IF($AK24="","",IF($AK24=0,"",IF(INDEX(LookupData!AC:AC,$AK24)="","",INDEX(LookupData!AC:AC,$AK24)))) | AD24: =IF($AK24="","",IF($AK24=0,"",IF(INDEX(LookupData!AD:AD,$AK24)="","",INDEX(LookupData!AD:AD,$AK24)))) | AE24: =IF($AK24="","",IF($AK24=0,"",IF(INDEX(LookupData!AE:AE,$AK24)="","",INDEX(LookupData!AE:AE,$AK24)))) | AF24: =IF($AK24="","",IF($AK24=0,"",IF(INDEX(LookupData!AF:AF,$AK24)="","",INDEX(LookupData!AF:AF,$AK24)))) | AG24: =IF($AK24="","",IF($AK24=0,"",IF(INDEX(LookupData!AG:AG,$AK24)="","",INDEX(LookupData!AG:AG,$AK24)))) | AH24: =IF($AK24="","",IF($AK24=0,"",IF(INDEX(LookupData!AH:AH,$AK24)="","",INDEX(LookupData!AH:AH,$AK24)))) | AI24: =IF($AK24="","",IF($AK24=0,"",IF(INDEX(LookupData!AI:AI,$AK24)="","",HYPERLINK(INDEX(LookupData!AI:AI,$AK24),"Open")))) | AK24: =IF(AL24="","",IFERROR(MATCH(AL24,LookupData!$A:$A,0),0)) | AL24: =IF(TRIM($A24)="","",UPPER(TRIM($A24))) | AM24: =IF(AL24="",AM23,IF(AM23="",AL24,AM23&"|"&AL24)) | AO24: =IF(MID($AN$1,5521,240)="","|",MID($AN$1,5521,240)) -> |
B25: =IF($AK25="","",IF($AK25=0,"not in the database",IF(INDEX(LookupData!B:B,$AK25)="","",INDEX(LookupData!B:B,$AK25)))) | C25: =IF($AK25="","",IF($AK25=0,"",IF(INDEX(LookupData!C:C,$AK25)="","",INDEX(LookupData!C:C,$AK25)))) | D25: =IF($AK25="","",IF($AK25=0,"",IF(INDEX(LookupData!D:D,$AK25)="","",INDEX(LookupData!D:D,$AK25)))) | E25: =IF($AK25="","",IF($AK25=0,"",IF(INDEX(LookupData!E:E,$AK25)="","",INDEX(LookupData!E:E,$AK25)))) | F25: =IF($AK25="","",IF($AK25=0,"",IF(INDEX(LookupData!F:F,$AK25)="","",INDEX(LookupData!F:F,$AK25)))) | G25: =IF($AK25="","",IF($AK25=0,"",IF(INDEX(LookupData!G:G,$AK25)="","",INDEX(LookupData!G:G,$AK25)))) | H25: =IF($AK25="","",IF($AK25=0,"",IF(INDEX(LookupData!H:H,$AK25)="","",INDEX(LookupData!H:H,$AK25)))) | I25: =IF($AK25="","",IF($AK25=0,"",IF(INDEX(LookupData!I:I,$AK25)="","",INDEX(LookupData!I:I,$AK25)))) | J25: =IF($AK25="","",IF($AK25=0,"",IF(INDEX(LookupData!J:J,$AK25)="","",INDEX(LookupData!J:J,$AK25)))) | K25: =IF($AK25="","",IF($AK25=0,"",IF(INDEX(LookupData!K:K,$AK25)="","",INDEX(LookupData!K:K,$AK25)))) | L25: =IF($AK25="","",IF($AK25=0,"",IF(INDEX(LookupData!L:L,$AK25)="","",INDEX(LookupData!L:L,$AK25)))) | M25: =IF($AK25="","",IF($AK25=0,"",IF(INDEX(LookupData!M:M,$AK25)="","",INDEX(LookupData!M:M,$AK25)))) | N25: =IF($AK25="","",IF($AK25=0,"",IF(INDEX(LookupData!N:N,$AK25)="","",INDEX(LookupData!N:N,$AK25)))) | O25: =IF($AK25="","",IF($AK25=0,"",IF(INDEX(LookupData!O:O,$AK25)="","",INDEX(LookupData!O:O,$AK25)))) | P25: =IF($AK25="","",IF($AK25=0,"",IF(INDEX(LookupData!P:P,$AK25)="","",INDEX(LookupData!P:P,$AK25)))) | Q25: =IF($AK25="","",IF($AK25=0,"",IF(INDEX(LookupData!Q:Q,$AK25)="","",INDEX(LookupData!Q:Q,$AK25)))) | R25: =IF($AK25="","",IF($AK25=0,"",IF(INDEX(LookupData!R:R,$AK25)="","",INDEX(LookupData!R:R,$AK25)))) | S25: =IF($AK25="","",IF($AK25=0,"",IF(INDEX(LookupData!S:S,$AK25)="","",INDEX(LookupData!S:S,$AK25)))) | T25: =IF($AK25="","",IF($AK25=0,"",IF(INDEX(LookupData!T:T,$AK25)="","",INDEX(LookupData!T:T,$AK25)))) | U25: =IF($AK25="","",IF($AK25=0,"",IF(INDEX(LookupData!U:U,$AK25)="","",INDEX(LookupData!U:U,$AK25)))) | V25: =IF($AK25="","",IF($AK25=0,"",IF(INDEX(LookupData!V:V,$AK25)="","",INDEX(LookupData!V:V,$AK25)))) | W25: =IF($AK25="","",IF($AK25=0,"",IF(INDEX(LookupData!W:W,$AK25)="","",INDEX(LookupData!W:W,$AK25)))) | X25: =IF($AK25="","",IF($AK25=0,"",IF(INDEX(LookupData!X:X,$AK25)="","",INDEX(LookupData!X:X,$AK25)))) | Y25: =IF($AK25="","",IF($AK25=0,"",IF(INDEX(LookupData!Y:Y,$AK25)="","",INDEX(LookupData!Y:Y,$AK25)))) | Z25: =IF($AK25="","",IF($AK25=0,"",IF(INDEX(LookupData!Z:Z,$AK25)="","",INDEX(LookupData!Z:Z,$AK25)))) | AA25: =IF($AK25="","",IF($AK25=0,"",IF(INDEX(LookupData!AA:AA,$AK25)="","",INDEX(LookupData!AA:AA,$AK25)))) | AB25: =IF($AK25="","",IF($AK25=0,"",IF(INDEX(LookupData!AB:AB,$AK25)="","",INDEX(LookupData!AB:AB,$AK25)))) | AC25: =IF($AK25="","",IF($AK25=0,"",IF(INDEX(LookupData!AC:AC,$AK25)="","",INDEX(LookupData!AC:AC,$AK25)))) | AD25: =IF($AK25="","",IF($AK25=0,"",IF(INDEX(LookupData!AD:AD,$AK25)="","",INDEX(LookupData!AD:AD,$AK25)))) | AE25: =IF($AK25="","",IF($AK25=0,"",IF(INDEX(LookupData!AE:AE,$AK25)="","",INDEX(LookupData!AE:AE,$AK25)))) | AF25: =IF($AK25="","",IF($AK25=0,"",IF(INDEX(LookupData!AF:AF,$AK25)="","",INDEX(LookupData!AF:AF,$AK25)))) | AG25: =IF($AK25="","",IF($AK25=0,"",IF(INDEX(LookupData!AG:AG,$AK25)="","",INDEX(LookupData!AG:AG,$AK25)))) | AH25: =IF($AK25="","",IF($AK25=0,"",IF(INDEX(LookupData!AH:AH,$AK25)="","",INDEX(LookupData!AH:AH,$AK25)))) | AI25: =IF($AK25="","",IF($AK25=0,"",IF(INDEX(LookupData!AI:AI,$AK25)="","",HYPERLINK(INDEX(LookupData!AI:AI,$AK25),"Open")))) | AK25: =IF(AL25="","",IFERROR(MATCH(AL25,LookupData!$A:$A,0),0)) | AL25: =IF(TRIM($A25)="","",UPPER(TRIM($A25))) | AM25: =IF(AL25="",AM24,IF(AM24="",AL25,AM24&"|"&AL25))
B26: =IF($AK26="","",IF($AK26=0,"not in the database",IF(INDEX(LookupData!B:B,$AK26)="","",INDEX(LookupData!B:B,$AK26)))) | C26: =IF($AK26="","",IF($AK26=0,"",IF(INDEX(LookupData!C:C,$AK26)="","",INDEX(LookupData!C:C,$AK26)))) | D26: =IF($AK26="","",IF($AK26=0,"",IF(INDEX(LookupData!D:D,$AK26)="","",INDEX(LookupData!D:D,$AK26)))) | E26: =IF($AK26="","",IF($AK26=0,"",IF(INDEX(LookupData!E:E,$AK26)="","",INDEX(LookupData!E:E,$AK26)))) | F26: =IF($AK26="","",IF($AK26=0,"",IF(INDEX(LookupData!F:F,$AK26)="","",INDEX(LookupData!F:F,$AK26)))) | G26: =IF($AK26="","",IF($AK26=0,"",IF(INDEX(LookupData!G:G,$AK26)="","",INDEX(LookupData!G:G,$AK26)))) | H26: =IF($AK26="","",IF($AK26=0,"",IF(INDEX(LookupData!H:H,$AK26)="","",INDEX(LookupData!H:H,$AK26)))) | I26: =IF($AK26="","",IF($AK26=0,"",IF(INDEX(LookupData!I:I,$AK26)="","",INDEX(LookupData!I:I,$AK26)))) | J26: =IF($AK26="","",IF($AK26=0,"",IF(INDEX(LookupData!J:J,$AK26)="","",INDEX(LookupData!J:J,$AK26)))) | K26: =IF($AK26="","",IF($AK26=0,"",IF(INDEX(LookupData!K:K,$AK26)="","",INDEX(LookupData!K:K,$AK26)))) | L26: =IF($AK26="","",IF($AK26=0,"",IF(INDEX(LookupData!L:L,$AK26)="","",INDEX(LookupData!L:L,$AK26)))) | M26: =IF($AK26="","",IF($AK26=0,"",IF(INDEX(LookupData!M:M,$AK26)="","",INDEX(LookupData!M:M,$AK26)))) | N26: =IF($AK26="","",IF($AK26=0,"",IF(INDEX(LookupData!N:N,$AK26)="","",INDEX(LookupData!N:N,$AK26)))) | O26: =IF($AK26="","",IF($AK26=0,"",IF(INDEX(LookupData!O:O,$AK26)="","",INDEX(LookupData!O:O,$AK26)))) | P26: =IF($AK26="","",IF($AK26=0,"",IF(INDEX(LookupData!P:P,$AK26)="","",INDEX(LookupData!P:P,$AK26)))) | Q26: =IF($AK26="","",IF($AK26=0,"",IF(INDEX(LookupData!Q:Q,$AK26)="","",INDEX(LookupData!Q:Q,$AK26)))) | R26: =IF($AK26="","",IF($AK26=0,"",IF(INDEX(LookupData!R:R,$AK26)="","",INDEX(LookupData!R:R,$AK26)))) | S26: =IF($AK26="","",IF($AK26=0,"",IF(INDEX(LookupData!S:S,$AK26)="","",INDEX(LookupData!S:S,$AK26)))) | T26: =IF($AK26="","",IF($AK26=0,"",IF(INDEX(LookupData!T:T,$AK26)="","",INDEX(LookupData!T:T,$AK26)))) | U26: =IF($AK26="","",IF($AK26=0,"",IF(INDEX(LookupData!U:U,$AK26)="","",INDEX(LookupData!U:U,$AK26)))) | V26: =IF($AK26="","",IF($AK26=0,"",IF(INDEX(LookupData!V:V,$AK26)="","",INDEX(LookupData!V:V,$AK26)))) | W26: =IF($AK26="","",IF($AK26=0,"",IF(INDEX(LookupData!W:W,$AK26)="","",INDEX(LookupData!W:W,$AK26)))) | X26: =IF($AK26="","",IF($AK26=0,"",IF(INDEX(LookupData!X:X,$AK26)="","",INDEX(LookupData!X:X,$AK26)))) | Y26: =IF($AK26="","",IF($AK26=0,"",IF(INDEX(LookupData!Y:Y,$AK26)="","",INDEX(LookupData!Y:Y,$AK26)))) | Z26: =IF($AK26="","",IF($AK26=0,"",IF(INDEX(LookupData!Z:Z,$AK26)="","",INDEX(LookupData!Z:Z,$AK26)))) | AA26: =IF($AK26="","",IF($AK26=0,"",IF(INDEX(LookupData!AA:AA,$AK26)="","",INDEX(LookupData!AA:AA,$AK26)))) | AB26: =IF($AK26="","",IF($AK26=0,"",IF(INDEX(LookupData!AB:AB,$AK26)="","",INDEX(LookupData!AB:AB,$AK26)))) | AC26: =IF($AK26="","",IF($AK26=0,"",IF(INDEX(LookupData!AC:AC,$AK26)="","",INDEX(LookupData!AC:AC,$AK26)))) | AD26: =IF($AK26="","",IF($AK26=0,"",IF(INDEX(LookupData!AD:AD,$AK26)="","",INDEX(LookupData!AD:AD,$AK26)))) | AE26: =IF($AK26="","",IF($AK26=0,"",IF(INDEX(LookupData!AE:AE,$AK26)="","",INDEX(LookupData!AE:AE,$AK26)))) | AF26: =IF($AK26="","",IF($AK26=0,"",IF(INDEX(LookupData!AF:AF,$AK26)="","",INDEX(LookupData!AF:AF,$AK26)))) | AG26: =IF($AK26="","",IF($AK26=0,"",IF(INDEX(LookupData!AG:AG,$AK26)="","",INDEX(LookupData!AG:AG,$AK26)))) | AH26: =IF($AK26="","",IF($AK26=0,"",IF(INDEX(LookupData!AH:AH,$AK26)="","",INDEX(LookupData!AH:AH,$AK26)))) | AI26: =IF($AK26="","",IF($AK26=0,"",IF(INDEX(LookupData!AI:AI,$AK26)="","",HYPERLINK(INDEX(LookupData!AI:AI,$AK26),"Open")))) | AK26: =IF(AL26="","",IFERROR(MATCH(AL26,LookupData!$A:$A,0),0)) | AL26: =IF(TRIM($A26)="","",UPPER(TRIM($A26))) | AM26: =IF(AL26="",AM25,IF(AM25="",AL26,AM25&"|"&AL26))
B27: =IF($AK27="","",IF($AK27=0,"not in the database",IF(INDEX(LookupData!B:B,$AK27)="","",INDEX(LookupData!B:B,$AK27)))) | C27: =IF($AK27="","",IF($AK27=0,"",IF(INDEX(LookupData!C:C,$AK27)="","",INDEX(LookupData!C:C,$AK27)))) | D27: =IF($AK27="","",IF($AK27=0,"",IF(INDEX(LookupData!D:D,$AK27)="","",INDEX(LookupData!D:D,$AK27)))) | E27: =IF($AK27="","",IF($AK27=0,"",IF(INDEX(LookupData!E:E,$AK27)="","",INDEX(LookupData!E:E,$AK27)))) | F27: =IF($AK27="","",IF($AK27=0,"",IF(INDEX(LookupData!F:F,$AK27)="","",INDEX(LookupData!F:F,$AK27)))) | G27: =IF($AK27="","",IF($AK27=0,"",IF(INDEX(LookupData!G:G,$AK27)="","",INDEX(LookupData!G:G,$AK27)))) | H27: =IF($AK27="","",IF($AK27=0,"",IF(INDEX(LookupData!H:H,$AK27)="","",INDEX(LookupData!H:H,$AK27)))) | I27: =IF($AK27="","",IF($AK27=0,"",IF(INDEX(LookupData!I:I,$AK27)="","",INDEX(LookupData!I:I,$AK27)))) | J27: =IF($AK27="","",IF($AK27=0,"",IF(INDEX(LookupData!J:J,$AK27)="","",INDEX(LookupData!J:J,$AK27)))) | K27: =IF($AK27="","",IF($AK27=0,"",IF(INDEX(LookupData!K:K,$AK27)="","",INDEX(LookupData!K:K,$AK27)))) | L27: =IF($AK27="","",IF($AK27=0,"",IF(INDEX(LookupData!L:L,$AK27)="","",INDEX(LookupData!L:L,$AK27)))) | M27: =IF($AK27="","",IF($AK27=0,"",IF(INDEX(LookupData!M:M,$AK27)="","",INDEX(LookupData!M:M,$AK27)))) | N27: =IF($AK27="","",IF($AK27=0,"",IF(INDEX(LookupData!N:N,$AK27)="","",INDEX(LookupData!N:N,$AK27)))) | O27: =IF($AK27="","",IF($AK27=0,"",IF(INDEX(LookupData!O:O,$AK27)="","",INDEX(LookupData!O:O,$AK27)))) | P27: =IF($AK27="","",IF($AK27=0,"",IF(INDEX(LookupData!P:P,$AK27)="","",INDEX(LookupData!P:P,$AK27)))) | Q27: =IF($AK27="","",IF($AK27=0,"",IF(INDEX(LookupData!Q:Q,$AK27)="","",INDEX(LookupData!Q:Q,$AK27)))) | R27: =IF($AK27="","",IF($AK27=0,"",IF(INDEX(LookupData!R:R,$AK27)="","",INDEX(LookupData!R:R,$AK27)))) | S27: =IF($AK27="","",IF($AK27=0,"",IF(INDEX(LookupData!S:S,$AK27)="","",INDEX(LookupData!S:S,$AK27)))) | T27: =IF($AK27="","",IF($AK27=0,"",IF(INDEX(LookupData!T:T,$AK27)="","",INDEX(LookupData!T:T,$AK27)))) | U27: =IF($AK27="","",IF($AK27=0,"",IF(INDEX(LookupData!U:U,$AK27)="","",INDEX(LookupData!U:U,$AK27)))) | V27: =IF($AK27="","",IF($AK27=0,"",IF(INDEX(LookupData!V:V,$AK27)="","",INDEX(LookupData!V:V,$AK27)))) | W27: =IF($AK27="","",IF($AK27=0,"",IF(INDEX(LookupData!W:W,$AK27)="","",INDEX(LookupData!W:W,$AK27)))) | X27: =IF($AK27="","",IF($AK27=0,"",IF(INDEX(LookupData!X:X,$AK27)="","",INDEX(LookupData!X:X,$AK27)))) | Y27: =IF($AK27="","",IF($AK27=0,"",IF(INDEX(LookupData!Y:Y,$AK27)="","",INDEX(LookupData!Y:Y,$AK27)))) | Z27: =IF($AK27="","",IF($AK27=0,"",IF(INDEX(LookupData!Z:Z,$AK27)="","",INDEX(LookupData!Z:Z,$AK27)))) | AA27: =IF($AK27="","",IF($AK27=0,"",IF(INDEX(LookupData!AA:AA,$AK27)="","",INDEX(LookupData!AA:AA,$AK27)))) | AB27: =IF($AK27="","",IF($AK27=0,"",IF(INDEX(LookupData!AB:AB,$AK27)="","",INDEX(LookupData!AB:AB,$AK27)))) | AC27: =IF($AK27="","",IF($AK27=0,"",IF(INDEX(LookupData!AC:AC,$AK27)="","",INDEX(LookupData!AC:AC,$AK27)))) | AD27: =IF($AK27="","",IF($AK27=0,"",IF(INDEX(LookupData!AD:AD,$AK27)="","",INDEX(LookupData!AD:AD,$AK27)))) | AE27: =IF($AK27="","",IF($AK27=0,"",IF(INDEX(LookupData!AE:AE,$AK27)="","",INDEX(LookupData!AE:AE,$AK27)))) | AF27: =IF($AK27="","",IF($AK27=0,"",IF(INDEX(LookupData!AF:AF,$AK27)="","",INDEX(LookupData!AF:AF,$AK27)))) | AG27: =IF($AK27="","",IF($AK27=0,"",IF(INDEX(LookupData!AG:AG,$AK27)="","",INDEX(LookupData!AG:AG,$AK27)))) | AH27: =IF($AK27="","",IF($AK27=0,"",IF(INDEX(LookupData!AH:AH,$AK27)="","",INDEX(LookupData!AH:AH,$AK27)))) | AI27: =IF($AK27="","",IF($AK27=0,"",IF(INDEX(LookupData!AI:AI,$AK27)="","",HYPERLINK(INDEX(LookupData!AI:AI,$AK27),"Open")))) | AK27: =IF(AL27="","",IFERROR(MATCH(AL27,LookupData!$A:$A,0),0)) | AL27: =IF(TRIM($A27)="","",UPPER(TRIM($A27))) | AM27: =IF(AL27="",AM26,IF(AM26="",AL27,AM26&"|"&AL27))
B28: =IF($AK28="","",IF($AK28=0,"not in the database",IF(INDEX(LookupData!B:B,$AK28)="","",INDEX(LookupData!B:B,$AK28)))) | C28: =IF($AK28="","",IF($AK28=0,"",IF(INDEX(LookupData!C:C,$AK28)="","",INDEX(LookupData!C:C,$AK28)))) | D28: =IF($AK28="","",IF($AK28=0,"",IF(INDEX(LookupData!D:D,$AK28)="","",INDEX(LookupData!D:D,$AK28)))) | E28: =IF($AK28="","",IF($AK28=0,"",IF(INDEX(LookupData!E:E,$AK28)="","",INDEX(LookupData!E:E,$AK28)))) | F28: =IF($AK28="","",IF($AK28=0,"",IF(INDEX(LookupData!F:F,$AK28)="","",INDEX(LookupData!F:F,$AK28)))) | G28: =IF($AK28="","",IF($AK28=0,"",IF(INDEX(LookupData!G:G,$AK28)="","",INDEX(LookupData!G:G,$AK28)))) | H28: =IF($AK28="","",IF($AK28=0,"",IF(INDEX(LookupData!H:H,$AK28)="","",INDEX(LookupData!H:H,$AK28)))) | I28: =IF($AK28="","",IF($AK28=0,"",IF(INDEX(LookupData!I:I,$AK28)="","",INDEX(LookupData!I:I,$AK28)))) | J28: =IF($AK28="","",IF($AK28=0,"",IF(INDEX(LookupData!J:J,$AK28)="","",INDEX(LookupData!J:J,$AK28)))) | K28: =IF($AK28="","",IF($AK28=0,"",IF(INDEX(LookupData!K:K,$AK28)="","",INDEX(LookupData!K:K,$AK28)))) | L28: =IF($AK28="","",IF($AK28=0,"",IF(INDEX(LookupData!L:L,$AK28)="","",INDEX(LookupData!L:L,$AK28)))) | M28: =IF($AK28="","",IF($AK28=0,"",IF(INDEX(LookupData!M:M,$AK28)="","",INDEX(LookupData!M:M,$AK28)))) | N28: =IF($AK28="","",IF($AK28=0,"",IF(INDEX(LookupData!N:N,$AK28)="","",INDEX(LookupData!N:N,$AK28)))) | O28: =IF($AK28="","",IF($AK28=0,"",IF(INDEX(LookupData!O:O,$AK28)="","",INDEX(LookupData!O:O,$AK28)))) | P28: =IF($AK28="","",IF($AK28=0,"",IF(INDEX(LookupData!P:P,$AK28)="","",INDEX(LookupData!P:P,$AK28)))) | Q28: =IF($AK28="","",IF($AK28=0,"",IF(INDEX(LookupData!Q:Q,$AK28)="","",INDEX(LookupData!Q:Q,$AK28)))) | R28: =IF($AK28="","",IF($AK28=0,"",IF(INDEX(LookupData!R:R,$AK28)="","",INDEX(LookupData!R:R,$AK28)))) | S28: =IF($AK28="","",IF($AK28=0,"",IF(INDEX(LookupData!S:S,$AK28)="","",INDEX(LookupData!S:S,$AK28)))) | T28: =IF($AK28="","",IF($AK28=0,"",IF(INDEX(LookupData!T:T,$AK28)="","",INDEX(LookupData!T:T,$AK28)))) | U28: =IF($AK28="","",IF($AK28=0,"",IF(INDEX(LookupData!U:U,$AK28)="","",INDEX(LookupData!U:U,$AK28)))) | V28: =IF($AK28="","",IF($AK28=0,"",IF(INDEX(LookupData!V:V,$AK28)="","",INDEX(LookupData!V:V,$AK28)))) | W28: =IF($AK28="","",IF($AK28=0,"",IF(INDEX(LookupData!W:W,$AK28)="","",INDEX(LookupData!W:W,$AK28)))) | X28: =IF($AK28="","",IF($AK28=0,"",IF(INDEX(LookupData!X:X,$AK28)="","",INDEX(LookupData!X:X,$AK28)))) | Y28: =IF($AK28="","",IF($AK28=0,"",IF(INDEX(LookupData!Y:Y,$AK28)="","",INDEX(LookupData!Y:Y,$AK28)))) | Z28: =IF($AK28="","",IF($AK28=0,"",IF(INDEX(LookupData!Z:Z,$AK28)="","",INDEX(LookupData!Z:Z,$AK28)))) | AA28: =IF($AK28="","",IF($AK28=0,"",IF(INDEX(LookupData!AA:AA,$AK28)="","",INDEX(LookupData!AA:AA,$AK28)))) | AB28: =IF($AK28="","",IF($AK28=0,"",IF(INDEX(LookupData!AB:AB,$AK28)="","",INDEX(LookupData!AB:AB,$AK28)))) | AC28: =IF($AK28="","",IF($AK28=0,"",IF(INDEX(LookupData!AC:AC,$AK28)="","",INDEX(LookupData!AC:AC,$AK28)))) | AD28: =IF($AK28="","",IF($AK28=0,"",IF(INDEX(LookupData!AD:AD,$AK28)="","",INDEX(LookupData!AD:AD,$AK28)))) | AE28: =IF($AK28="","",IF($AK28=0,"",IF(INDEX(LookupData!AE:AE,$AK28)="","",INDEX(LookupData!AE:AE,$AK28)))) | AF28: =IF($AK28="","",IF($AK28=0,"",IF(INDEX(LookupData!AF:AF,$AK28)="","",INDEX(LookupData!AF:AF,$AK28)))) | AG28: =IF($AK28="","",IF($AK28=0,"",IF(INDEX(LookupData!AG:AG,$AK28)="","",INDEX(LookupData!AG:AG,$AK28)))) | AH28: =IF($AK28="","",IF($AK28=0,"",IF(INDEX(LookupData!AH:AH,$AK28)="","",INDEX(LookupData!AH:AH,$AK28)))) | AI28: =IF($AK28="","",IF($AK28=0,"",IF(INDEX(LookupData!AI:AI,$AK28)="","",HYPERLINK(INDEX(LookupData!AI:AI,$AK28),"Open")))) | AK28: =IF(AL28="","",IFERROR(MATCH(AL28,LookupData!$A:$A,0),0)) | AL28: =IF(TRIM($A28)="","",UPPER(TRIM($A28))) | AM28: =IF(AL28="",AM27,IF(AM27="",AL28,AM27&"|"&AL28))
B29: =IF($AK29="","",IF($AK29=0,"not in the database",IF(INDEX(LookupData!B:B,$AK29)="","",INDEX(LookupData!B:B,$AK29)))) | C29: =IF($AK29="","",IF($AK29=0,"",IF(INDEX(LookupData!C:C,$AK29)="","",INDEX(LookupData!C:C,$AK29)))) | D29: =IF($AK29="","",IF($AK29=0,"",IF(INDEX(LookupData!D:D,$AK29)="","",INDEX(LookupData!D:D,$AK29)))) | E29: =IF($AK29="","",IF($AK29=0,"",IF(INDEX(LookupData!E:E,$AK29)="","",INDEX(LookupData!E:E,$AK29)))) | F29: =IF($AK29="","",IF($AK29=0,"",IF(INDEX(LookupData!F:F,$AK29)="","",INDEX(LookupData!F:F,$AK29)))) | G29: =IF($AK29="","",IF($AK29=0,"",IF(INDEX(LookupData!G:G,$AK29)="","",INDEX(LookupData!G:G,$AK29)))) | H29: =IF($AK29="","",IF($AK29=0,"",IF(INDEX(LookupData!H:H,$AK29)="","",INDEX(LookupData!H:H,$AK29)))) | I29: =IF($AK29="","",IF($AK29=0,"",IF(INDEX(LookupData!I:I,$AK29)="","",INDEX(LookupData!I:I,$AK29)))) | J29: =IF($AK29="","",IF($AK29=0,"",IF(INDEX(LookupData!J:J,$AK29)="","",INDEX(LookupData!J:J,$AK29)))) | K29: =IF($AK29="","",IF($AK29=0,"",IF(INDEX(LookupData!K:K,$AK29)="","",INDEX(LookupData!K:K,$AK29)))) | L29: =IF($AK29="","",IF($AK29=0,"",IF(INDEX(LookupData!L:L,$AK29)="","",INDEX(LookupData!L:L,$AK29)))) | M29: =IF($AK29="","",IF($AK29=0,"",IF(INDEX(LookupData!M:M,$AK29)="","",INDEX(LookupData!M:M,$AK29)))) | N29: =IF($AK29="","",IF($AK29=0,"",IF(INDEX(LookupData!N:N,$AK29)="","",INDEX(LookupData!N:N,$AK29)))) | O29: =IF($AK29="","",IF($AK29=0,"",IF(INDEX(LookupData!O:O,$AK29)="","",INDEX(LookupData!O:O,$AK29)))) | P29: =IF($AK29="","",IF($AK29=0,"",IF(INDEX(LookupData!P:P,$AK29)="","",INDEX(LookupData!P:P,$AK29)))) | Q29: =IF($AK29="","",IF($AK29=0,"",IF(INDEX(LookupData!Q:Q,$AK29)="","",INDEX(LookupData!Q:Q,$AK29)))) | R29: =IF($AK29="","",IF($AK29=0,"",IF(INDEX(LookupData!R:R,$AK29)="","",INDEX(LookupData!R:R,$AK29)))) | S29: =IF($AK29="","",IF($AK29=0,"",IF(INDEX(LookupData!S:S,$AK29)="","",INDEX(LookupData!S:S,$AK29)))) | T29: =IF($AK29="","",IF($AK29=0,"",IF(INDEX(LookupData!T:T,$AK29)="","",INDEX(LookupData!T:T,$AK29)))) | U29: =IF($AK29="","",IF($AK29=0,"",IF(INDEX(LookupData!U:U,$AK29)="","",INDEX(LookupData!U:U,$AK29)))) | V29: =IF($AK29="","",IF($AK29=0,"",IF(INDEX(LookupData!V:V,$AK29)="","",INDEX(LookupData!V:V,$AK29)))) | W29: =IF($AK29="","",IF($AK29=0,"",IF(INDEX(LookupData!W:W,$AK29)="","",INDEX(LookupData!W:W,$AK29)))) | X29: =IF($AK29="","",IF($AK29=0,"",IF(INDEX(LookupData!X:X,$AK29)="","",INDEX(LookupData!X:X,$AK29)))) | Y29: =IF($AK29="","",IF($AK29=0,"",IF(INDEX(LookupData!Y:Y,$AK29)="","",INDEX(LookupData!Y:Y,$AK29)))) | Z29: =IF($AK29="","",IF($AK29=0,"",IF(INDEX(LookupData!Z:Z,$AK29)="","",INDEX(LookupData!Z:Z,$AK29)))) | AA29: =IF($AK29="","",IF($AK29=0,"",IF(INDEX(LookupData!AA:AA,$AK29)="","",INDEX(LookupData!AA:AA,$AK29)))) | AB29: =IF($AK29="","",IF($AK29=0,"",IF(INDEX(LookupData!AB:AB,$AK29)="","",INDEX(LookupData!AB:AB,$AK29)))) | AC29: =IF($AK29="","",IF($AK29=0,"",IF(INDEX(LookupData!AC:AC,$AK29)="","",INDEX(LookupData!AC:AC,$AK29)))) | AD29: =IF($AK29="","",IF($AK29=0,"",IF(INDEX(LookupData!AD:AD,$AK29)="","",INDEX(LookupData!AD:AD,$AK29)))) | AE29: =IF($AK29="","",IF($AK29=0,"",IF(INDEX(LookupData!AE:AE,$AK29)="","",INDEX(LookupData!AE:AE,$AK29)))) | AF29: =IF($AK29="","",IF($AK29=0,"",IF(INDEX(LookupData!AF:AF,$AK29)="","",INDEX(LookupData!AF:AF,$AK29)))) | AG29: =IF($AK29="","",IF($AK29=0,"",IF(INDEX(LookupData!AG:AG,$AK29)="","",INDEX(LookupData!AG:AG,$AK29)))) | AH29: =IF($AK29="","",IF($AK29=0,"",IF(INDEX(LookupData!AH:AH,$AK29)="","",INDEX(LookupData!AH:AH,$AK29)))) | AI29: =IF($AK29="","",IF($AK29=0,"",IF(INDEX(LookupData!AI:AI,$AK29)="","",HYPERLINK(INDEX(LookupData!AI:AI,$AK29),"Open")))) | AK29: =IF(AL29="","",IFERROR(MATCH(AL29,LookupData!$A:$A,0),0)) | AL29: =IF(TRIM($A29)="","",UPPER(TRIM($A29))) | AM29: =IF(AL29="",AM28,IF(AM28="",AL29,AM28&"|"&AL29))
B30: =IF($AK30="","",IF($AK30=0,"not in the database",IF(INDEX(LookupData!B:B,$AK30)="","",INDEX(LookupData!B:B,$AK30)))) | C30: =IF($AK30="","",IF($AK30=0,"",IF(INDEX(LookupData!C:C,$AK30)="","",INDEX(LookupData!C:C,$AK30)))) | D30: =IF($AK30="","",IF($AK30=0,"",IF(INDEX(LookupData!D:D,$AK30)="","",INDEX(LookupData!D:D,$AK30)))) | E30: =IF($AK30="","",IF($AK30=0,"",IF(INDEX(LookupData!E:E,$AK30)="","",INDEX(LookupData!E:E,$AK30)))) | F30: =IF($AK30="","",IF($AK30=0,"",IF(INDEX(LookupData!F:F,$AK30)="","",INDEX(LookupData!F:F,$AK30)))) | G30: =IF($AK30="","",IF($AK30=0,"",IF(INDEX(LookupData!G:G,$AK30)="","",INDEX(LookupData!G:G,$AK30)))) | H30: =IF($AK30="","",IF($AK30=0,"",IF(INDEX(LookupData!H:H,$AK30)="","",INDEX(LookupData!H:H,$AK30)))) | I30: =IF($AK30="","",IF($AK30=0,"",IF(INDEX(LookupData!I:I,$AK30)="","",INDEX(LookupData!I:I,$AK30)))) | J30: =IF($AK30="","",IF($AK30=0,"",IF(INDEX(LookupData!J:J,$AK30)="","",INDEX(LookupData!J:J,$AK30)))) | K30: =IF($AK30="","",IF($AK30=0,"",IF(INDEX(LookupData!K:K,$AK30)="","",INDEX(LookupData!K:K,$AK30)))) | L30: =IF($AK30="","",IF($AK30=0,"",IF(INDEX(LookupData!L:L,$AK30)="","",INDEX(LookupData!L:L,$AK30)))) | M30: =IF($AK30="","",IF($AK30=0,"",IF(INDEX(LookupData!M:M,$AK30)="","",INDEX(LookupData!M:M,$AK30)))) | N30: =IF($AK30="","",IF($AK30=0,"",IF(INDEX(LookupData!N:N,$AK30)="","",INDEX(LookupData!N:N,$AK30)))) | O30: =IF($AK30="","",IF($AK30=0,"",IF(INDEX(LookupData!O:O,$AK30)="","",INDEX(LookupData!O:O,$AK30)))) | P30: =IF($AK30="","",IF($AK30=0,"",IF(INDEX(LookupData!P:P,$AK30)="","",INDEX(LookupData!P:P,$AK30)))) | Q30: =IF($AK30="","",IF($AK30=0,"",IF(INDEX(LookupData!Q:Q,$AK30)="","",INDEX(LookupData!Q:Q,$AK30)))) | R30: =IF($AK30="","",IF($AK30=0,"",IF(INDEX(LookupData!R:R,$AK30)="","",INDEX(LookupData!R:R,$AK30)))) | S30: =IF($AK30="","",IF($AK30=0,"",IF(INDEX(LookupData!S:S,$AK30)="","",INDEX(LookupData!S:S,$AK30)))) | T30: =IF($AK30="","",IF($AK30=0,"",IF(INDEX(LookupData!T:T,$AK30)="","",INDEX(LookupData!T:T,$AK30)))) | U30: =IF($AK30="","",IF($AK30=0,"",IF(INDEX(LookupData!U:U,$AK30)="","",INDEX(LookupData!U:U,$AK30)))) | V30: =IF($AK30="","",IF($AK30=0,"",IF(INDEX(LookupData!V:V,$AK30)="","",INDEX(LookupData!V:V,$AK30)))) | W30: =IF($AK30="","",IF($AK30=0,"",IF(INDEX(LookupData!W:W,$AK30)="","",INDEX(LookupData!W:W,$AK30)))) | X30: =IF($AK30="","",IF($AK30=0,"",IF(INDEX(LookupData!X:X,$AK30)="","",INDEX(LookupData!X:X,$AK30)))) | Y30: =IF($AK30="","",IF($AK30=0,"",IF(INDEX(LookupData!Y:Y,$AK30)="","",INDEX(LookupData!Y:Y,$AK30)))) | Z30: =IF($AK30="","",IF($AK30=0,"",IF(INDEX(LookupData!Z:Z,$AK30)="","",INDEX(LookupData!Z:Z,$AK30)))) | AA30: =IF($AK30="","",IF($AK30=0,"",IF(INDEX(LookupData!AA:AA,$AK30)="","",INDEX(LookupData!AA:AA,$AK30)))) | AB30: =IF($AK30="","",IF($AK30=0,"",IF(INDEX(LookupData!AB:AB,$AK30)="","",INDEX(LookupData!AB:AB,$AK30)))) | AC30: =IF($AK30="","",IF($AK30=0,"",IF(INDEX(LookupData!AC:AC,$AK30)="","",INDEX(LookupData!AC:AC,$AK30)))) | AD30: =IF($AK30="","",IF($AK30=0,"",IF(INDEX(LookupData!AD:AD,$AK30)="","",INDEX(LookupData!AD:AD,$AK30)))) | AE30: =IF($AK30="","",IF($AK30=0,"",IF(INDEX(LookupData!AE:AE,$AK30)="","",INDEX(LookupData!AE:AE,$AK30)))) | AF30: =IF($AK30="","",IF($AK30=0,"",IF(INDEX(LookupData!AF:AF,$AK30)="","",INDEX(LookupData!AF:AF,$AK30)))) | AG30: =IF($AK30="","",IF($AK30=0,"",IF(INDEX(LookupData!AG:AG,$AK30)="","",INDEX(LookupData!AG:AG,$AK30)))) | AH30: =IF($AK30="","",IF($AK30=0,"",IF(INDEX(LookupData!AH:AH,$AK30)="","",INDEX(LookupData!AH:AH,$AK30)))) | AI30: =IF($AK30="","",IF($AK30=0,"",IF(INDEX(LookupData!AI:AI,$AK30)="","",HYPERLINK(INDEX(LookupData!AI:AI,$AK30),"Open")))) | AK30: =IF(AL30="","",IFERROR(MATCH(AL30,LookupData!$A:$A,0),0)) | AL30: =IF(TRIM($A30)="","",UPPER(TRIM($A30))) | AM30: =IF(AL30="",AM29,IF(AM29="",AL30,AM29&"|"&AL30))
B31: =IF($AK31="","",IF($AK31=0,"not in the database",IF(INDEX(LookupData!B:B,$AK31)="","",INDEX(LookupData!B:B,$AK31)))) | C31: =IF($AK31="","",IF($AK31=0,"",IF(INDEX(LookupData!C:C,$AK31)="","",INDEX(LookupData!C:C,$AK31)))) | D31: =IF($AK31="","",IF($AK31=0,"",IF(INDEX(LookupData!D:D,$AK31)="","",INDEX(LookupData!D:D,$AK31)))) | E31: =IF($AK31="","",IF($AK31=0,"",IF(INDEX(LookupData!E:E,$AK31)="","",INDEX(LookupData!E:E,$AK31)))) | F31: =IF($AK31="","",IF($AK31=0,"",IF(INDEX(LookupData!F:F,$AK31)="","",INDEX(LookupData!F:F,$AK31)))) | G31: =IF($AK31="","",IF($AK31=0,"",IF(INDEX(LookupData!G:G,$AK31)="","",INDEX(LookupData!G:G,$AK31)))) | H31: =IF($AK31="","",IF($AK31=0,"",IF(INDEX(LookupData!H:H,$AK31)="","",INDEX(LookupData!H:H,$AK31)))) | I31: =IF($AK31="","",IF($AK31=0,"",IF(INDEX(LookupData!I:I,$AK31)="","",INDEX(LookupData!I:I,$AK31)))) | J31: =IF($AK31="","",IF($AK31=0,"",IF(INDEX(LookupData!J:J,$AK31)="","",INDEX(LookupData!J:J,$AK31)))) | K31: =IF($AK31="","",IF($AK31=0,"",IF(INDEX(LookupData!K:K,$AK31)="","",INDEX(LookupData!K:K,$AK31)))) | L31: =IF($AK31="","",IF($AK31=0,"",IF(INDEX(LookupData!L:L,$AK31)="","",INDEX(LookupData!L:L,$AK31)))) | M31: =IF($AK31="","",IF($AK31=0,"",IF(INDEX(LookupData!M:M,$AK31)="","",INDEX(LookupData!M:M,$AK31)))) | N31: =IF($AK31="","",IF($AK31=0,"",IF(INDEX(LookupData!N:N,$AK31)="","",INDEX(LookupData!N:N,$AK31)))) | O31: =IF($AK31="","",IF($AK31=0,"",IF(INDEX(LookupData!O:O,$AK31)="","",INDEX(LookupData!O:O,$AK31)))) | P31: =IF($AK31="","",IF($AK31=0,"",IF(INDEX(LookupData!P:P,$AK31)="","",INDEX(LookupData!P:P,$AK31)))) | Q31: =IF($AK31="","",IF($AK31=0,"",IF(INDEX(LookupData!Q:Q,$AK31)="","",INDEX(LookupData!Q:Q,$AK31)))) | R31: =IF($AK31="","",IF($AK31=0,"",IF(INDEX(LookupData!R:R,$AK31)="","",INDEX(LookupData!R:R,$AK31)))) | S31: =IF($AK31="","",IF($AK31=0,"",IF(INDEX(LookupData!S:S,$AK31)="","",INDEX(LookupData!S:S,$AK31)))) | T31: =IF($AK31="","",IF($AK31=0,"",IF(INDEX(LookupData!T:T,$AK31)="","",INDEX(LookupData!T:T,$AK31)))) | U31: =IF($AK31="","",IF($AK31=0,"",IF(INDEX(LookupData!U:U,$AK31)="","",INDEX(LookupData!U:U,$AK31)))) | V31: =IF($AK31="","",IF($AK31=0,"",IF(INDEX(LookupData!V:V,$AK31)="","",INDEX(LookupData!V:V,$AK31)))) | W31: =IF($AK31="","",IF($AK31=0,"",IF(INDEX(LookupData!W:W,$AK31)="","",INDEX(LookupData!W:W,$AK31)))) | X31: =IF($AK31="","",IF($AK31=0,"",IF(INDEX(LookupData!X:X,$AK31)="","",INDEX(LookupData!X:X,$AK31)))) | Y31: =IF($AK31="","",IF($AK31=0,"",IF(INDEX(LookupData!Y:Y,$AK31)="","",INDEX(LookupData!Y:Y,$AK31)))) | Z31: =IF($AK31="","",IF($AK31=0,"",IF(INDEX(LookupData!Z:Z,$AK31)="","",INDEX(LookupData!Z:Z,$AK31)))) | AA31: =IF($AK31="","",IF($AK31=0,"",IF(INDEX(LookupData!AA:AA,$AK31)="","",INDEX(LookupData!AA:AA,$AK31)))) | AB31: =IF($AK31="","",IF($AK31=0,"",IF(INDEX(LookupData!AB:AB,$AK31)="","",INDEX(LookupData!AB:AB,$AK31)))) | AC31: =IF($AK31="","",IF($AK31=0,"",IF(INDEX(LookupData!AC:AC,$AK31)="","",INDEX(LookupData!AC:AC,$AK31)))) | AD31: =IF($AK31="","",IF($AK31=0,"",IF(INDEX(LookupData!AD:AD,$AK31)="","",INDEX(LookupData!AD:AD,$AK31)))) | AE31: =IF($AK31="","",IF($AK31=0,"",IF(INDEX(LookupData!AE:AE,$AK31)="","",INDEX(LookupData!AE:AE,$AK31)))) | AF31: =IF($AK31="","",IF($AK31=0,"",IF(INDEX(LookupData!AF:AF,$AK31)="","",INDEX(LookupData!AF:AF,$AK31)))) | AG31: =IF($AK31="","",IF($AK31=0,"",IF(INDEX(LookupData!AG:AG,$AK31)="","",INDEX(LookupData!AG:AG,$AK31)))) | AH31: =IF($AK31="","",IF($AK31=0,"",IF(INDEX(LookupData!AH:AH,$AK31)="","",INDEX(LookupData!AH:AH,$AK31)))) | AI31: =IF($AK31="","",IF($AK31=0,"",IF(INDEX(LookupData!AI:AI,$AK31)="","",HYPERLINK(INDEX(LookupData!AI:AI,$AK31),"Open")))) | AK31: =IF(AL31="","",IFERROR(MATCH(AL31,LookupData!$A:$A,0),0)) | AL31: =IF(TRIM($A31)="","",UPPER(TRIM($A31))) | AM31: =IF(AL31="",AM30,IF(AM30="",AL31,AM30&"|"&AL31))
B32: =IF($AK32="","",IF($AK32=0,"not in the database",IF(INDEX(LookupData!B:B,$AK32)="","",INDEX(LookupData!B:B,$AK32)))) | C32: =IF($AK32="","",IF($AK32=0,"",IF(INDEX(LookupData!C:C,$AK32)="","",INDEX(LookupData!C:C,$AK32)))) | D32: =IF($AK32="","",IF($AK32=0,"",IF(INDEX(LookupData!D:D,$AK32)="","",INDEX(LookupData!D:D,$AK32)))) | E32: =IF($AK32="","",IF($AK32=0,"",IF(INDEX(LookupData!E:E,$AK32)="","",INDEX(LookupData!E:E,$AK32)))) | F32: =IF($AK32="","",IF($AK32=0,"",IF(INDEX(LookupData!F:F,$AK32)="","",INDEX(LookupData!F:F,$AK32)))) | G32: =IF($AK32="","",IF($AK32=0,"",IF(INDEX(LookupData!G:G,$AK32)="","",INDEX(LookupData!G:G,$AK32)))) | H32: =IF($AK32="","",IF($AK32=0,"",IF(INDEX(LookupData!H:H,$AK32)="","",INDEX(LookupData!H:H,$AK32)))) | I32: =IF($AK32="","",IF($AK32=0,"",IF(INDEX(LookupData!I:I,$AK32)="","",INDEX(LookupData!I:I,$AK32)))) | J32: =IF($AK32="","",IF($AK32=0,"",IF(INDEX(LookupData!J:J,$AK32)="","",INDEX(LookupData!J:J,$AK32)))) | K32: =IF($AK32="","",IF($AK32=0,"",IF(INDEX(LookupData!K:K,$AK32)="","",INDEX(LookupData!K:K,$AK32)))) | L32: =IF($AK32="","",IF($AK32=0,"",IF(INDEX(LookupData!L:L,$AK32)="","",INDEX(LookupData!L:L,$AK32)))) | M32: =IF($AK32="","",IF($AK32=0,"",IF(INDEX(LookupData!M:M,$AK32)="","",INDEX(LookupData!M:M,$AK32)))) | N32: =IF($AK32="","",IF($AK32=0,"",IF(INDEX(LookupData!N:N,$AK32)="","",INDEX(LookupData!N:N,$AK32)))) | O32: =IF($AK32="","",IF($AK32=0,"",IF(INDEX(LookupData!O:O,$AK32)="","",INDEX(LookupData!O:O,$AK32)))) | P32: =IF($AK32="","",IF($AK32=0,"",IF(INDEX(LookupData!P:P,$AK32)="","",INDEX(LookupData!P:P,$AK32)))) | Q32: =IF($AK32="","",IF($AK32=0,"",IF(INDEX(LookupData!Q:Q,$AK32)="","",INDEX(LookupData!Q:Q,$AK32)))) | R32: =IF($AK32="","",IF($AK32=0,"",IF(INDEX(LookupData!R:R,$AK32)="","",INDEX(LookupData!R:R,$AK32)))) | S32: =IF($AK32="","",IF($AK32=0,"",IF(INDEX(LookupData!S:S,$AK32)="","",INDEX(LookupData!S:S,$AK32)))) | T32: =IF($AK32="","",IF($AK32=0,"",IF(INDEX(LookupData!T:T,$AK32)="","",INDEX(LookupData!T:T,$AK32)))) | U32: =IF($AK32="","",IF($AK32=0,"",IF(INDEX(LookupData!U:U,$AK32)="","",INDEX(LookupData!U:U,$AK32)))) | V32: =IF($AK32="","",IF($AK32=0,"",IF(INDEX(LookupData!V:V,$AK32)="","",INDEX(LookupData!V:V,$AK32)))) | W32: =IF($AK32="","",IF($AK32=0,"",IF(INDEX(LookupData!W:W,$AK32)="","",INDEX(LookupData!W:W,$AK32)))) | X32: =IF($AK32="","",IF($AK32=0,"",IF(INDEX(LookupData!X:X,$AK32)="","",INDEX(LookupData!X:X,$AK32)))) | Y32: =IF($AK32="","",IF($AK32=0,"",IF(INDEX(LookupData!Y:Y,$AK32)="","",INDEX(LookupData!Y:Y,$AK32)))) | Z32: =IF($AK32="","",IF($AK32=0,"",IF(INDEX(LookupData!Z:Z,$AK32)="","",INDEX(LookupData!Z:Z,$AK32)))) | AA32: =IF($AK32="","",IF($AK32=0,"",IF(INDEX(LookupData!AA:AA,$AK32)="","",INDEX(LookupData!AA:AA,$AK32)))) | AB32: =IF($AK32="","",IF($AK32=0,"",IF(INDEX(LookupData!AB:AB,$AK32)="","",INDEX(LookupData!AB:AB,$AK32)))) | AC32: =IF($AK32="","",IF($AK32=0,"",IF(INDEX(LookupData!AC:AC,$AK32)="","",INDEX(LookupData!AC:AC,$AK32)))) | AD32: =IF($AK32="","",IF($AK32=0,"",IF(INDEX(LookupData!AD:AD,$AK32)="","",INDEX(LookupData!AD:AD,$AK32)))) | AE32: =IF($AK32="","",IF($AK32=0,"",IF(INDEX(LookupData!AE:AE,$AK32)="","",INDEX(LookupData!AE:AE,$AK32)))) | AF32: =IF($AK32="","",IF($AK32=0,"",IF(INDEX(LookupData!AF:AF,$AK32)="","",INDEX(LookupData!AF:AF,$AK32)))) | AG32: =IF($AK32="","",IF($AK32=0,"",IF(INDEX(LookupData!AG:AG,$AK32)="","",INDEX(LookupData!AG:AG,$AK32)))) | AH32: =IF($AK32="","",IF($AK32=0,"",IF(INDEX(LookupData!AH:AH,$AK32)="","",INDEX(LookupData!AH:AH,$AK32)))) | AI32: =IF($AK32="","",IF($AK32=0,"",IF(INDEX(LookupData!AI:AI,$AK32)="","",HYPERLINK(INDEX(LookupData!AI:AI,$AK32),"Open")))) | AK32: =IF(AL32="","",IFERROR(MATCH(AL32,LookupData!$A:$A,0),0)) | AL32: =IF(TRIM($A32)="","",UPPER(TRIM($A32))) | AM32: =IF(AL32="",AM31,IF(AM31="",AL32,AM31&"|"&AL32))
B33: =IF($AK33="","",IF($AK33=0,"not in the database",IF(INDEX(LookupData!B:B,$AK33)="","",INDEX(LookupData!B:B,$AK33)))) | C33: =IF($AK33="","",IF($AK33=0,"",IF(INDEX(LookupData!C:C,$AK33)="","",INDEX(LookupData!C:C,$AK33)))) | D33: =IF($AK33="","",IF($AK33=0,"",IF(INDEX(LookupData!D:D,$AK33)="","",INDEX(LookupData!D:D,$AK33)))) | E33: =IF($AK33="","",IF($AK33=0,"",IF(INDEX(LookupData!E:E,$AK33)="","",INDEX(LookupData!E:E,$AK33)))) | F33: =IF($AK33="","",IF($AK33=0,"",IF(INDEX(LookupData!F:F,$AK33)="","",INDEX(LookupData!F:F,$AK33)))) | G33: =IF($AK33="","",IF($AK33=0,"",IF(INDEX(LookupData!G:G,$AK33)="","",INDEX(LookupData!G:G,$AK33)))) | H33: =IF($AK33="","",IF($AK33=0,"",IF(INDEX(LookupData!H:H,$AK33)="","",INDEX(LookupData!H:H,$AK33)))) | I33: =IF($AK33="","",IF($AK33=0,"",IF(INDEX(LookupData!I:I,$AK33)="","",INDEX(LookupData!I:I,$AK33)))) | J33: =IF($AK33="","",IF($AK33=0,"",IF(INDEX(LookupData!J:J,$AK33)="","",INDEX(LookupData!J:J,$AK33)))) | K33: =IF($AK33="","",IF($AK33=0,"",IF(INDEX(LookupData!K:K,$AK33)="","",INDEX(LookupData!K:K,$AK33)))) | L33: =IF($AK33="","",IF($AK33=0,"",IF(INDEX(LookupData!L:L,$AK33)="","",INDEX(LookupData!L:L,$AK33)))) | M33: =IF($AK33="","",IF($AK33=0,"",IF(INDEX(LookupData!M:M,$AK33)="","",INDEX(LookupData!M:M,$AK33)))) | N33: =IF($AK33="","",IF($AK33=0,"",IF(INDEX(LookupData!N:N,$AK33)="","",INDEX(LookupData!N:N,$AK33)))) | O33: =IF($AK33="","",IF($AK33=0,"",IF(INDEX(LookupData!O:O,$AK33)="","",INDEX(LookupData!O:O,$AK33)))) | P33: =IF($AK33="","",IF($AK33=0,"",IF(INDEX(LookupData!P:P,$AK33)="","",INDEX(LookupData!P:P,$AK33)))) | Q33: =IF($AK33="","",IF($AK33=0,"",IF(INDEX(LookupData!Q:Q,$AK33)="","",INDEX(LookupData!Q:Q,$AK33)))) | R33: =IF($AK33="","",IF($AK33=0,"",IF(INDEX(LookupData!R:R,$AK33)="","",INDEX(LookupData!R:R,$AK33)))) | S33: =IF($AK33="","",IF($AK33=0,"",IF(INDEX(LookupData!S:S,$AK33)="","",INDEX(LookupData!S:S,$AK33)))) | T33: =IF($AK33="","",IF($AK33=0,"",IF(INDEX(LookupData!T:T,$AK33)="","",INDEX(LookupData!T:T,$AK33)))) | U33: =IF($AK33="","",IF($AK33=0,"",IF(INDEX(LookupData!U:U,$AK33)="","",INDEX(LookupData!U:U,$AK33)))) | V33: =IF($AK33="","",IF($AK33=0,"",IF(INDEX(LookupData!V:V,$AK33)="","",INDEX(LookupData!V:V,$AK33)))) | W33: =IF($AK33="","",IF($AK33=0,"",IF(INDEX(LookupData!W:W,$AK33)="","",INDEX(LookupData!W:W,$AK33)))) | X33: =IF($AK33="","",IF($AK33=0,"",IF(INDEX(LookupData!X:X,$AK33)="","",INDEX(LookupData!X:X,$AK33)))) | Y33: =IF($AK33="","",IF($AK33=0,"",IF(INDEX(LookupData!Y:Y,$AK33)="","",INDEX(LookupData!Y:Y,$AK33)))) | Z33: =IF($AK33="","",IF($AK33=0,"",IF(INDEX(LookupData!Z:Z,$AK33)="","",INDEX(LookupData!Z:Z,$AK33)))) | AA33: =IF($AK33="","",IF($AK33=0,"",IF(INDEX(LookupData!AA:AA,$AK33)="","",INDEX(LookupData!AA:AA,$AK33)))) | AB33: =IF($AK33="","",IF($AK33=0,"",IF(INDEX(LookupData!AB:AB,$AK33)="","",INDEX(LookupData!AB:AB,$AK33)))) | AC33: =IF($AK33="","",IF($AK33=0,"",IF(INDEX(LookupData!AC:AC,$AK33)="","",INDEX(LookupData!AC:AC,$AK33)))) | AD33: =IF($AK33="","",IF($AK33=0,"",IF(INDEX(LookupData!AD:AD,$AK33)="","",INDEX(LookupData!AD:AD,$AK33)))) | AE33: =IF($AK33="","",IF($AK33=0,"",IF(INDEX(LookupData!AE:AE,$AK33)="","",INDEX(LookupData!AE:AE,$AK33)))) | AF33: =IF($AK33="","",IF($AK33=0,"",IF(INDEX(LookupData!AF:AF,$AK33)="","",INDEX(LookupData!AF:AF,$AK33)))) | AG33: =IF($AK33="","",IF($AK33=0,"",IF(INDEX(LookupData!AG:AG,$AK33)="","",INDEX(LookupData!AG:AG,$AK33)))) | AH33: =IF($AK33="","",IF($AK33=0,"",IF(INDEX(LookupData!AH:AH,$AK33)="","",INDEX(LookupData!AH:AH,$AK33)))) | AI33: =IF($AK33="","",IF($AK33=0,"",IF(INDEX(LookupData!AI:AI,$AK33)="","",HYPERLINK(INDEX(LookupData!AI:AI,$AK33),"Open")))) | AK33: =IF(AL33="","",IFERROR(MATCH(AL33,LookupData!$A:$A,0),0)) | AL33: =IF(TRIM($A33)="","",UPPER(TRIM($A33))) | AM33: =IF(AL33="",AM32,IF(AM32="",AL33,AM32&"|"&AL33))
B34: =IF($AK34="","",IF($AK34=0,"not in the database",IF(INDEX(LookupData!B:B,$AK34)="","",INDEX(LookupData!B:B,$AK34)))) | C34: =IF($AK34="","",IF($AK34=0,"",IF(INDEX(LookupData!C:C,$AK34)="","",INDEX(LookupData!C:C,$AK34)))) | D34: =IF($AK34="","",IF($AK34=0,"",IF(INDEX(LookupData!D:D,$AK34)="","",INDEX(LookupData!D:D,$AK34)))) | E34: =IF($AK34="","",IF($AK34=0,"",IF(INDEX(LookupData!E:E,$AK34)="","",INDEX(LookupData!E:E,$AK34)))) | F34: =IF($AK34="","",IF($AK34=0,"",IF(INDEX(LookupData!F:F,$AK34)="","",INDEX(LookupData!F:F,$AK34)))) | G34: =IF($AK34="","",IF($AK34=0,"",IF(INDEX(LookupData!G:G,$AK34)="","",INDEX(LookupData!G:G,$AK34)))) | H34: =IF($AK34="","",IF($AK34=0,"",IF(INDEX(LookupData!H:H,$AK34)="","",INDEX(LookupData!H:H,$AK34)))) | I34: =IF($AK34="","",IF($AK34=0,"",IF(INDEX(LookupData!I:I,$AK34)="","",INDEX(LookupData!I:I,$AK34)))) | J34: =IF($AK34="","",IF($AK34=0,"",IF(INDEX(LookupData!J:J,$AK34)="","",INDEX(LookupData!J:J,$AK34)))) | K34: =IF($AK34="","",IF($AK34=0,"",IF(INDEX(LookupData!K:K,$AK34)="","",INDEX(LookupData!K:K,$AK34)))) | L34: =IF($AK34="","",IF($AK34=0,"",IF(INDEX(LookupData!L:L,$AK34)="","",INDEX(LookupData!L:L,$AK34)))) | M34: =IF($AK34="","",IF($AK34=0,"",IF(INDEX(LookupData!M:M,$AK34)="","",INDEX(LookupData!M:M,$AK34)))) | N34: =IF($AK34="","",IF($AK34=0,"",IF(INDEX(LookupData!N:N,$AK34)="","",INDEX(LookupData!N:N,$AK34)))) | O34: =IF($AK34="","",IF($AK34=0,"",IF(INDEX(LookupData!O:O,$AK34)="","",INDEX(LookupData!O:O,$AK34)))) | P34: =IF($AK34="","",IF($AK34=0,"",IF(INDEX(LookupData!P:P,$AK34)="","",INDEX(LookupData!P:P,$AK34)))) | Q34: =IF($AK34="","",IF($AK34=0,"",IF(INDEX(LookupData!Q:Q,$AK34)="","",INDEX(LookupData!Q:Q,$AK34)))) | R34: =IF($AK34="","",IF($AK34=0,"",IF(INDEX(LookupData!R:R,$AK34)="","",INDEX(LookupData!R:R,$AK34)))) | S34: =IF($AK34="","",IF($AK34=0,"",IF(INDEX(LookupData!S:S,$AK34)="","",INDEX(LookupData!S:S,$AK34)))) | T34: =IF($AK34="","",IF($AK34=0,"",IF(INDEX(LookupData!T:T,$AK34)="","",INDEX(LookupData!T:T,$AK34)))) | U34: =IF($AK34="","",IF($AK34=0,"",IF(INDEX(LookupData!U:U,$AK34)="","",INDEX(LookupData!U:U,$AK34)))) | V34: =IF($AK34="","",IF($AK34=0,"",IF(INDEX(LookupData!V:V,$AK34)="","",INDEX(LookupData!V:V,$AK34)))) | W34: =IF($AK34="","",IF($AK34=0,"",IF(INDEX(LookupData!W:W,$AK34)="","",INDEX(LookupData!W:W,$AK34)))) | X34: =IF($AK34="","",IF($AK34=0,"",IF(INDEX(LookupData!X:X,$AK34)="","",INDEX(LookupData!X:X,$AK34)))) | Y34: =IF($AK34="","",IF($AK34=0,"",IF(INDEX(LookupData!Y:Y,$AK34)="","",INDEX(LookupData!Y:Y,$AK34)))) | Z34: =IF($AK34="","",IF($AK34=0,"",IF(INDEX(LookupData!Z:Z,$AK34)="","",INDEX(LookupData!Z:Z,$AK34)))) | AA34: =IF($AK34="","",IF($AK34=0,"",IF(INDEX(LookupData!AA:AA,$AK34)="","",INDEX(LookupData!AA:AA,$AK34)))) | AB34: =IF($AK34="","",IF($AK34=0,"",IF(INDEX(LookupData!AB:AB,$AK34)="","",INDEX(LookupData!AB:AB,$AK34)))) | AC34: =IF($AK34="","",IF($AK34=0,"",IF(INDEX(LookupData!AC:AC,$AK34)="","",INDEX(LookupData!AC:AC,$AK34)))) | AD34: =IF($AK34="","",IF($AK34=0,"",IF(INDEX(LookupData!AD:AD,$AK34)="","",INDEX(LookupData!AD:AD,$AK34)))) | AE34: =IF($AK34="","",IF($AK34=0,"",IF(INDEX(LookupData!AE:AE,$AK34)="","",INDEX(LookupData!AE:AE,$AK34)))) | AF34: =IF($AK34="","",IF($AK34=0,"",IF(INDEX(LookupData!AF:AF,$AK34)="","",INDEX(LookupData!AF:AF,$AK34)))) | AG34: =IF($AK34="","",IF($AK34=0,"",IF(INDEX(LookupData!AG:AG,$AK34)="","",INDEX(LookupData!AG:AG,$AK34)))) | AH34: =IF($AK34="","",IF($AK34=0,"",IF(INDEX(LookupData!AH:AH,$AK34)="","",INDEX(LookupData!AH:AH,$AK34)))) | AI34: =IF($AK34="","",IF($AK34=0,"",IF(INDEX(LookupData!AI:AI,$AK34)="","",HYPERLINK(INDEX(LookupData!AI:AI,$AK34),"Open")))) | AK34: =IF(AL34="","",IFERROR(MATCH(AL34,LookupData!$A:$A,0),0)) | AL34: =IF(TRIM($A34)="","",UPPER(TRIM($A34))) | AM34: =IF(AL34="",AM33,IF(AM33="",AL34,AM33&"|"&AL34))
B35: =IF($AK35="","",IF($AK35=0,"not in the database",IF(INDEX(LookupData!B:B,$AK35)="","",INDEX(LookupData!B:B,$AK35)))) | C35: =IF($AK35="","",IF($AK35=0,"",IF(INDEX(LookupData!C:C,$AK35)="","",INDEX(LookupData!C:C,$AK35)))) | D35: =IF($AK35="","",IF($AK35=0,"",IF(INDEX(LookupData!D:D,$AK35)="","",INDEX(LookupData!D:D,$AK35)))) | E35: =IF($AK35="","",IF($AK35=0,"",IF(INDEX(LookupData!E:E,$AK35)="","",INDEX(LookupData!E:E,$AK35)))) | F35: =IF($AK35="","",IF($AK35=0,"",IF(INDEX(LookupData!F:F,$AK35)="","",INDEX(LookupData!F:F,$AK35)))) | G35: =IF($AK35="","",IF($AK35=0,"",IF(INDEX(LookupData!G:G,$AK35)="","",INDEX(LookupData!G:G,$AK35)))) | H35: =IF($AK35="","",IF($AK35=0,"",IF(INDEX(LookupData!H:H,$AK35)="","",INDEX(LookupData!H:H,$AK35)))) | I35: =IF($AK35="","",IF($AK35=0,"",IF(INDEX(LookupData!I:I,$AK35)="","",INDEX(LookupData!I:I,$AK35)))) | J35: =IF($AK35="","",IF($AK35=0,"",IF(INDEX(LookupData!J:J,$AK35)="","",INDEX(LookupData!J:J,$AK35)))) | K35: =IF($AK35="","",IF($AK35=0,"",IF(INDEX(LookupData!K:K,$AK35)="","",INDEX(LookupData!K:K,$AK35)))) | L35: =IF($AK35="","",IF($AK35=0,"",IF(INDEX(LookupData!L:L,$AK35)="","",INDEX(LookupData!L:L,$AK35)))) | M35: =IF($AK35="","",IF($AK35=0,"",IF(INDEX(LookupData!M:M,$AK35)="","",INDEX(LookupData!M:M,$AK35)))) | N35: =IF($AK35="","",IF($AK35=0,"",IF(INDEX(LookupData!N:N,$AK35)="","",INDEX(LookupData!N:N,$AK35)))) | O35: =IF($AK35="","",IF($AK35=0,"",IF(INDEX(LookupData!O:O,$AK35)="","",INDEX(LookupData!O:O,$AK35)))) | P35: =IF($AK35="","",IF($AK35=0,"",IF(INDEX(LookupData!P:P,$AK35)="","",INDEX(LookupData!P:P,$AK35)))) | Q35: =IF($AK35="","",IF($AK35=0,"",IF(INDEX(LookupData!Q:Q,$AK35)="","",INDEX(LookupData!Q:Q,$AK35)))) | R35: =IF($AK35="","",IF($AK35=0,"",IF(INDEX(LookupData!R:R,$AK35)="","",INDEX(LookupData!R:R,$AK35)))) | S35: =IF($AK35="","",IF($AK35=0,"",IF(INDEX(LookupData!S:S,$AK35)="","",INDEX(LookupData!S:S,$AK35)))) | T35: =IF($AK35="","",IF($AK35=0,"",IF(INDEX(LookupData!T:T,$AK35)="","",INDEX(LookupData!T:T,$AK35)))) | U35: =IF($AK35="","",IF($AK35=0,"",IF(INDEX(LookupData!U:U,$AK35)="","",INDEX(LookupData!U:U,$AK35)))) | V35: =IF($AK35="","",IF($AK35=0,"",IF(INDEX(LookupData!V:V,$AK35)="","",INDEX(LookupData!V:V,$AK35)))) | W35: =IF($AK35="","",IF($AK35=0,"",IF(INDEX(LookupData!W:W,$AK35)="","",INDEX(LookupData!W:W,$AK35)))) | X35: =IF($AK35="","",IF($AK35=0,"",IF(INDEX(LookupData!X:X,$AK35)="","",INDEX(LookupData!X:X,$AK35)))) | Y35: =IF($AK35="","",IF($AK35=0,"",IF(INDEX(LookupData!Y:Y,$AK35)="","",INDEX(LookupData!Y:Y,$AK35)))) | Z35: =IF($AK35="","",IF($AK35=0,"",IF(INDEX(LookupData!Z:Z,$AK35)="","",INDEX(LookupData!Z:Z,$AK35)))) | AA35: =IF($AK35="","",IF($AK35=0,"",IF(INDEX(LookupData!AA:AA,$AK35)="","",INDEX(LookupData!AA:AA,$AK35)))) | AB35: =IF($AK35="","",IF($AK35=0,"",IF(INDEX(LookupData!AB:AB,$AK35)="","",INDEX(LookupData!AB:AB,$AK35)))) | AC35: =IF($AK35="","",IF($AK35=0,"",IF(INDEX(LookupData!AC:AC,$AK35)="","",INDEX(LookupData!AC:AC,$AK35)))) | AD35: =IF($AK35="","",IF($AK35=0,"",IF(INDEX(LookupData!AD:AD,$AK35)="","",INDEX(LookupData!AD:AD,$AK35)))) | AE35: =IF($AK35="","",IF($AK35=0,"",IF(INDEX(LookupData!AE:AE,$AK35)="","",INDEX(LookupData!AE:AE,$AK35)))) | AF35: =IF($AK35="","",IF($AK35=0,"",IF(INDEX(LookupData!AF:AF,$AK35)="","",INDEX(LookupData!AF:AF,$AK35)))) | AG35: =IF($AK35="","",IF($AK35=0,"",IF(INDEX(LookupData!AG:AG,$AK35)="","",INDEX(LookupData!AG:AG,$AK35)))) | AH35: =IF($AK35="","",IF($AK35=0,"",IF(INDEX(LookupData!AH:AH,$AK35)="","",INDEX(LookupData!AH:AH,$AK35)))) | AI35: =IF($AK35="","",IF($AK35=0,"",IF(INDEX(LookupData!AI:AI,$AK35)="","",HYPERLINK(INDEX(LookupData!AI:AI,$AK35),"Open")))) | AK35: =IF(AL35="","",IFERROR(MATCH(AL35,LookupData!$A:$A,0),0)) | AL35: =IF(TRIM($A35)="","",UPPER(TRIM($A35))) | AM35: =IF(AL35="",AM34,IF(AM34="",AL35,AM34&"|"&AL35))
B36: =IF($AK36="","",IF($AK36=0,"not in the database",IF(INDEX(LookupData!B:B,$AK36)="","",INDEX(LookupData!B:B,$AK36)))) | C36: =IF($AK36="","",IF($AK36=0,"",IF(INDEX(LookupData!C:C,$AK36)="","",INDEX(LookupData!C:C,$AK36)))) | D36: =IF($AK36="","",IF($AK36=0,"",IF(INDEX(LookupData!D:D,$AK36)="","",INDEX(LookupData!D:D,$AK36)))) | E36: =IF($AK36="","",IF($AK36=0,"",IF(INDEX(LookupData!E:E,$AK36)="","",INDEX(LookupData!E:E,$AK36)))) | F36: =IF($AK36="","",IF($AK36=0,"",IF(INDEX(LookupData!F:F,$AK36)="","",INDEX(LookupData!F:F,$AK36)))) | G36: =IF($AK36="","",IF($AK36=0,"",IF(INDEX(LookupData!G:G,$AK36)="","",INDEX(LookupData!G:G,$AK36)))) | H36: =IF($AK36="","",IF($AK36=0,"",IF(INDEX(LookupData!H:H,$AK36)="","",INDEX(LookupData!H:H,$AK36)))) | I36: =IF($AK36="","",IF($AK36=0,"",IF(INDEX(LookupData!I:I,$AK36)="","",INDEX(LookupData!I:I,$AK36)))) | J36: =IF($AK36="","",IF($AK36=0,"",IF(INDEX(LookupData!J:J,$AK36)="","",INDEX(LookupData!J:J,$AK36)))) | K36: =IF($AK36="","",IF($AK36=0,"",IF(INDEX(LookupData!K:K,$AK36)="","",INDEX(LookupData!K:K,$AK36)))) | L36: =IF($AK36="","",IF($AK36=0,"",IF(INDEX(LookupData!L:L,$AK36)="","",INDEX(LookupData!L:L,$AK36)))) | M36: =IF($AK36="","",IF($AK36=0,"",IF(INDEX(LookupData!M:M,$AK36)="","",INDEX(LookupData!M:M,$AK36)))) | N36: =IF($AK36="","",IF($AK36=0,"",IF(INDEX(LookupData!N:N,$AK36)="","",INDEX(LookupData!N:N,$AK36)))) | O36: =IF($AK36="","",IF($AK36=0,"",IF(INDEX(LookupData!O:O,$AK36)="","",INDEX(LookupData!O:O,$AK36)))) | P36: =IF($AK36="","",IF($AK36=0,"",IF(INDEX(LookupData!P:P,$AK36)="","",INDEX(LookupData!P:P,$AK36)))) | Q36: =IF($AK36="","",IF($AK36=0,"",IF(INDEX(LookupData!Q:Q,$AK36)="","",INDEX(LookupData!Q:Q,$AK36)))) | R36: =IF($AK36="","",IF($AK36=0,"",IF(INDEX(LookupData!R:R,$AK36)="","",INDEX(LookupData!R:R,$AK36)))) | S36: =IF($AK36="","",IF($AK36=0,"",IF(INDEX(LookupData!S:S,$AK36)="","",INDEX(LookupData!S:S,$AK36)))) | T36: =IF($AK36="","",IF($AK36=0,"",IF(INDEX(LookupData!T:T,$AK36)="","",INDEX(LookupData!T:T,$AK36)))) | U36: =IF($AK36="","",IF($AK36=0,"",IF(INDEX(LookupData!U:U,$AK36)="","",INDEX(LookupData!U:U,$AK36)))) | V36: =IF($AK36="","",IF($AK36=0,"",IF(INDEX(LookupData!V:V,$AK36)="","",INDEX(LookupData!V:V,$AK36)))) | W36: =IF($AK36="","",IF($AK36=0,"",IF(INDEX(LookupData!W:W,$AK36)="","",INDEX(LookupData!W:W,$AK36)))) | X36: =IF($AK36="","",IF($AK36=0,"",IF(INDEX(LookupData!X:X,$AK36)="","",INDEX(LookupData!X:X,$AK36)))) | Y36: =IF($AK36="","",IF($AK36=0,"",IF(INDEX(LookupData!Y:Y,$AK36)="","",INDEX(LookupData!Y:Y,$AK36)))) | Z36: =IF($AK36="","",IF($AK36=0,"",IF(INDEX(LookupData!Z:Z,$AK36)="","",INDEX(LookupData!Z:Z,$AK36)))) | AA36: =IF($AK36="","",IF($AK36=0,"",IF(INDEX(LookupData!AA:AA,$AK36)="","",INDEX(LookupData!AA:AA,$AK36)))) | AB36: =IF($AK36="","",IF($AK36=0,"",IF(INDEX(LookupData!AB:AB,$AK36)="","",INDEX(LookupData!AB:AB,$AK36)))) | AC36: =IF($AK36="","",IF($AK36=0,"",IF(INDEX(LookupData!AC:AC,$AK36)="","",INDEX(LookupData!AC:AC,$AK36)))) | AD36: =IF($AK36="","",IF($AK36=0,"",IF(INDEX(LookupData!AD:AD,$AK36)="","",INDEX(LookupData!AD:AD,$AK36)))) | AE36: =IF($AK36="","",IF($AK36=0,"",IF(INDEX(LookupData!AE:AE,$AK36)="","",INDEX(LookupData!AE:AE,$AK36)))) | AF36: =IF($AK36="","",IF($AK36=0,"",IF(INDEX(LookupData!AF:AF,$AK36)="","",INDEX(LookupData!AF:AF,$AK36)))) | AG36: =IF($AK36="","",IF($AK36=0,"",IF(INDEX(LookupData!AG:AG,$AK36)="","",INDEX(LookupData!AG:AG,$AK36)))) | AH36: =IF($AK36="","",IF($AK36=0,"",IF(INDEX(LookupData!AH:AH,$AK36)="","",INDEX(LookupData!AH:AH,$AK36)))) | AI36: =IF($AK36="","",IF($AK36=0,"",IF(INDEX(LookupData!AI:AI,$AK36)="","",HYPERLINK(INDEX(LookupData!AI:AI,$AK36),"Open")))) | AK36: =IF(AL36="","",IFERROR(MATCH(AL36,LookupData!$A:$A,0),0)) | AL36: =IF(TRIM($A36)="","",UPPER(TRIM($A36))) | AM36: =IF(AL36="",AM35,IF(AM35="",AL36,AM35&"|"&AL36))
... B201: =IF($AK201="","",IF($AK201=0,"not in the database",IF(INDEX(LookupData!B:B,$AK201)="","",INDEX(LookupData!B:B,$AK201)))) | C201: =IF($AK201="","",IF($AK201=0,"",IF(INDEX(LookupData!C:C,$AK201)="","",INDEX(LookupData!C:C,$AK201)))) | D201: =IF($AK201="","",IF($AK201=0,"",IF(INDEX(LookupData!D:D,$AK201)="","",INDEX(LookupData!D:D,$AK201)))) | E201: =IF($AK201="","",IF($AK201=0,"",IF(INDEX(LookupData!E:E,$AK201)="","",INDEX(LookupData!E:E,$AK201)))) | F201: =IF($AK201="","",IF($AK201=0,"",IF(INDEX(LookupData!F:F,$AK201)="","",INDEX(LookupData!F:F,$AK201)))) | G201: =IF($AK201="","",IF($AK201=0,"",IF(INDEX(LookupData!G:G,$AK201)="","",INDEX(LookupData!G:G,$AK201)))) | H201: =IF($AK201="","",IF($AK201=0,"",IF(INDEX(LookupData!H:H,$AK201)="","",INDEX(LookupData!H:H,$AK201)))) | I201: =IF($AK201="","",IF($AK201=0,"",IF(INDEX(LookupData!I:I,$AK201)="","",INDEX(LookupData!I:I,$AK201)))) | J201: =IF($AK201="","",IF($AK201=0,"",IF(INDEX(LookupData!J:J,$AK201)="","",INDEX(LookupData!J:J,$AK201)))) | K201: =IF($AK201="","",IF($AK201=0,"",IF(INDEX(LookupData!K:K,$AK201)="","",INDEX(LookupData!K:K,$AK201)))) | L201: =IF($AK201="","",IF($AK201=0,"",IF(INDEX(LookupData!L:L,$AK201)="","",INDEX(LookupData!L:L,$AK201)))) | M201: =IF($AK201="","",IF($AK201=0,"",IF(INDEX(LookupData!M:M,$AK201)="","",INDEX(LookupData!M:M,$AK201)))) | N201: =IF($AK201="","",IF($AK201=0,"",IF(INDEX(LookupData!N:N,$AK201)="","",INDEX(LookupData!N:N,$AK201)))) | O201: =IF($AK201="","",IF($AK201=0,"",IF(INDEX(LookupData!O:O,$AK201)="","",INDEX(LookupData!O:O,$AK201)))) | P201: =IF($AK201="","",IF($AK201=0,"",IF(INDEX(LookupData!P:P,$AK201)="","",INDEX(LookupData!P:P,$AK201)))) | Q201: =IF($AK201="","",IF($AK201=0,"",IF(INDEX(LookupData!Q:Q,$AK201)="","",INDEX(LookupData!Q:Q,$AK201)))) | R201: =IF($AK201="","",IF($AK201=0,"",IF(INDEX(LookupData!R:R,$AK201)="","",INDEX(LookupData!R:R,$AK201)))) | S201: =IF($AK201="","",IF($AK201=0,"",IF(INDEX(LookupData!S:S,$AK201)="","",INDEX(LookupData!S:S,$AK201)))) | T201: =IF($AK201="","",IF($AK201=0,"",IF(INDEX(LookupData!T:T,$AK201)="","",INDEX(LookupData!T:T,$AK201)))) | U201: =IF($AK201="","",IF($AK201=0,"",IF(INDEX(LookupData!U:U,$AK201)="","",INDEX(LookupData!U:U,$AK201)))) | V201: =IF($AK201="","",IF($AK201=0,"",IF(INDEX(LookupData!V:V,$AK201)="","",INDEX(LookupData!V:V,$AK201)))) | W201: =IF($AK201="","",IF($AK201=0,"",IF(INDEX(LookupData!W:W,$AK201)="","",INDEX(LookupData!W:W,$AK201)))) | X201: =IF($AK201="","",IF($AK201=0,"",IF(INDEX(LookupData!X:X,$AK201)="","",INDEX(LookupData!X:X,$AK201)))) | Y201: =IF($AK201="","",IF($AK201=0,"",IF(INDEX(LookupData!Y:Y,$AK201)="","",INDEX(LookupData!Y:Y,$AK201)))) | Z201: =IF($AK201="","",IF($AK201=0,"",IF(INDEX(LookupData!Z:Z,$AK201)="","",INDEX(LookupData!Z:Z,$AK201)))) | AA201: =IF($AK201="","",IF($AK201=0,"",IF(INDEX(LookupData!AA:AA,$AK201)="","",INDEX(LookupData!AA:AA,$AK201)))) | AB201: =IF($AK201="","",IF($AK201=0,"",IF(INDEX(LookupData!AB:AB,$AK201)="","",INDEX(LookupData!AB:AB,$AK201)))) | AC201: =IF($AK201="","",IF($AK201=0,"",IF(INDEX(LookupData!AC:AC,$AK201)="","",INDEX(LookupData!AC:AC,$AK201)))) | AD201: =IF($AK201="","",IF($AK201=0,"",IF(INDEX(LookupData!AD:AD,$AK201)="","",INDEX(LookupData!AD:AD,$AK201)))) | AE201: =IF($AK201="","",IF($AK201=0,"",IF(INDEX(LookupData!AE:AE,$AK201)="","",INDEX(LookupData!AE:AE,$AK201)))) | AF201: =IF($AK201="","",IF($AK201=0,"",IF(INDEX(LookupData!AF:AF,$AK201)="","",INDEX(LookupData!AF:AF,$AK201)))) | AG201: =IF($AK201="","",IF($AK201=0,"",IF(INDEX(LookupData!AG:AG,$AK201)="","",INDEX(LookupData!AG:AG,$AK201)))) | AH201: =IF($AK201="","",IF($AK201=0,"",IF(INDEX(LookupData!AH:AH,$AK201)="","",INDEX(LookupData!AH:AH,$AK201)))) | AI201: =IF($AK201="","",IF($AK201=0,"",IF(INDEX(LookupData!AI:AI,$AK201)="","",HYPERLINK(INDEX(LookupData!AI:AI,$AK201),"Open")))) | AK201: =IF(AL201="","",IFERROR(MATCH(AL201,LookupData!$A:$A,0),0)) | AL201: =IF(TRIM($A201)="","",UPPER(TRIM($A201))) | AM201: =IF(AL201="",AM200,IF(AM200="",AL201,AM200&"|"&AL201))

Sheet Invoices
A1: Evidence | B1: Invoice No | C1: Invoice Date | D1: Container Number | E1: MAWB No | F1: HAWB No | G1: Vendor Name | H1: Bill of Lading / HBL | I1: WEIGHT | J1: Sea Freight | K1: Air Freight | L1: Terminal Handling Charges | M1: Airway WayBill Charges | N1: BL Charges | O1: ENS Charges | P1: Seal Charges | Q1: VGM | R1: EDI Fees | S1: DAP Charges | T1: Other Charges | U1: AMS CHARGES | V1: Handlign Charges | W1: Pre Carriage Haulage | X1: Ex Rate | Y1: Misc | Z1: Transportation | AA1: Warehouse charges Port | AB1: Examination charges | AC1: Fuel Charges | AD1: Cargo Screening | AE1: Agency Charges | AF1: Shipping bill charges | AG1: Review status | AH1: Extraction status | AI1: Last updated | AJ1: Evidence link
A2: =IF(INDEX($AJ:$AJ,ROW())="","",HYPERLINK(INDEX($AJ:$AJ,ROW()),"Open"))
A3: =IF(INDEX($AJ:$AJ,ROW())="","",HYPERLINK(INDEX($AJ:$AJ,ROW()),"Open"))
A4: =IF(INDEX($AJ:$AJ,ROW())="","",HYPERLINK(INDEX($AJ:$AJ,ROW()),"Open"))
A5: =IF(INDEX($AJ:$AJ,ROW())="","",HYPERLINK(INDEX($AJ:$AJ,ROW()),"Open"))
A6: =IF(INDEX($AJ:$AJ,ROW())="","",HYPERLINK(INDEX($AJ:$AJ,ROW()),"Open"))
A7: =IF(INDEX($AJ:$AJ,ROW())="","",HYPERLINK(INDEX($AJ:$AJ,ROW()),"Open"))
A8: =IF(INDEX($AJ:$AJ,ROW())="","",HYPERLINK(INDEX($AJ:$AJ,ROW()),"Open"))
A9: =IF(INDEX($AJ:$AJ,ROW())="","",HYPERLINK(INDEX($AJ:$AJ,ROW()),"Open"))
A10: =IF(INDEX($AJ:$AJ,ROW())="","",HYPERLINK(INDEX($AJ:$AJ,ROW()),"Open"))
A11: =IF(INDEX($AJ:$AJ,ROW())="","",HYPERLINK(INDEX($AJ:$AJ,ROW()),"Open"))
A12: =IF(INDEX($AJ:$AJ,ROW())="","",HYPERLINK(INDEX($AJ:$AJ,ROW()),"Open"))
A13: =IF(INDEX($AJ:$AJ,ROW())="","",HYPERLINK(INDEX($AJ:$AJ,ROW()),"Open"))
... A5001: =IF(INDEX($AJ:$AJ,ROW())="","",HYPERLINK(INDEX($AJ:$AJ,ROW()),"Open"))

Sheet Charges
A1: Invoice No | B1: Invoice Date | C1: Vendor Name | D1: Charge | E1: Amount (INR) | F1: Review status

Sheet Details
A1: Invoice No | B1: Group | C1: Detail | D1: Value | E1: Normalized | F1: Check passed | G1: Page | H1: Printed label

Sheet More fields
A1: Invoice No | B1: Invoice Date | C1: Vendor name | D1: Vendor address | E1: Vendor gstin | F1: Vendor pan | G1: Vendor state | H1: Vendor phone | I1: Vendor email | J1: Vendor cin | K1: Customer name | L1: Customer address | M1: Customer gstin | N1: Customer pan | O1: Customer code | P1: Invoice type | Q1: Due date | R1: Payment terms | S1: Place of supply | T1: Po number | U1: Job number | V1: Commercial invoice number | W1: Shipping bill number | X1: Shipping bill date | Y1: Currency | Z1: Shipper | AA1: Consignee | AB1: Incoterm | AC1: Port of loading | AD1: Port of discharge | AE1: Place of delivery | AF1: Vessel voyage | AG1: Etd | AH1: Eta | AI1: Master bl number | AJ1: Packages | AK1: Net weight | AL1: Chargeable weight | AM1: Volume | AN1: Container type | AO1: Goods description | AP1: Hs code | AQ1: Taxable total | AR1: Cgst total | AS1: Sgst total | AT1: Igst total | AU1: Invoice total | AV1: Amount in words | AW1: Bank name | AX1: Bank account number | AY1: Bank ifsc | AZ1: Bank swift | BA1: Irn | BB1: Ack number | BC1: Ack date

Sheet LookupData
A1: Invoice No | B1: Invoice Date | C1: Container Number | D1: MAWB No | E1: HAWB No | F1: Vendor Name | G1: Bill of Lading / HBL | H1: WEIGHT | I1: Sea Freight | J1: Air Freight | K1: Terminal Handling Charges | L1: Airway WayBill Charges | M1: BL Charges | N1: ENS Charges | O1: Seal Charges | P1: VGM | Q1: EDI Fees | R1: DAP Charges | S1: Other Charges | T1: AMS CHARGES | U1: Handlign Charges | V1: Pre Carriage Haulage | W1: Ex Rate | X1: Misc | Y1: Transportation | Z1: Warehouse charges Port | AA1: Examination charges | AB1: Fuel Charges | AC1: Cargo Screening | AD1: Agency Charges | AE1: Shipping bill charges | AF1: Review status | AG1: Extraction status | AH1: Last updated | AI1: Evidence link
